"filename", "language", "JSON", "C++", "Markdown", "CMake", "Log", "CMake Cache", "C", "XML", "comment", "blank", "total"
"/home/david/Documents/BlackBoxRadarAttacks/FMCW_radar_uhd/Config_FMCW.json", "JSON", 10, 0, 0, 0, 0, 0, 0, 0, 0, 0, 10
"/home/david/Documents/BlackBoxRadarAttacks/FMCW_radar_uhd/Config_uhd.json", "JSON", 52, 0, 0, 0, 0, 0, 0, 0, 0, 0, 52
"/home/david/Documents/BlackBoxRadarAttacks/FMCW_radar_uhd/Config_uhd_100MHz.json", "JSON", 52, 0, 0, 0, 0, 0, 0, 0, 0, 0, 52
"/home/david/Documents/BlackBoxRadarAttacks/FMCW_radar_uhd/Config_uhd_attack.json", "JSON", 77, 0, 0, 0, 0, 0, 0, 0, 0, 0, 77
"/home/david/Documents/BlackBoxRadarAttacks/FMCW_radar_uhd/Config_uhd_attack_100MHz.json", "JSON", 64, 0, 0, 0, 0, 0, 0, 0, 0, 0, 64
"/home/david/Documents/BlackBoxRadarAttacks/FMCW_radar_uhd/Config_uhd_attack_200us_to_400us.json", "JSON", 90, 0, 0, 0, 0, 0, 0, 0, 0, 0, 90
"/home/david/Documents/BlackBoxRadarAttacks/FMCW_radar_uhd/Config_uhd_attack_400us_to_500us.json", "JSON", 94, 0, 0, 0, 0, 0, 0, 0, 0, 0, 94
"/home/david/Documents/BlackBoxRadarAttacks/FMCW_radar_uhd/Config_uhd_attack_50us_to_200us.json", "JSON", 90, 0, 0, 0, 0, 0, 0, 0, 0, 0, 90
"/home/david/Documents/BlackBoxRadarAttacks/FMCW_radar_uhd/Config_uhd_victim_200us_to_400us.json", "JSON", 56, 0, 0, 0, 0, 0, 0, 0, 0, 0, 56
"/home/david/Documents/BlackBoxRadarAttacks/FMCW_radar_uhd/Config_uhd_victim_400us_to_500us.json", "JSON", 56, 0, 0, 0, 0, 0, 0, 0, 0, 0, 56
"/home/david/Documents/BlackBoxRadarAttacks/FMCW_radar_uhd/Config_uhd_victim_50us_to_200us.json", "JSON", 56, 0, 0, 0, 0, 0, 0, 0, 0, 0, 56
"/home/david/Documents/BlackBoxRadarAttacks/FMCW_radar_uhd/Config_uhd_victim_UWB.json", "JSON", 52, 0, 0, 0, 0, 0, 0, 0, 0, 0, 52
"/home/david/Documents/BlackBoxRadarAttacks/FMCW_radar_uhd/README.md", "Markdown", 0, 0, 6, 0, 0, 0, 0, 0, 0, 3, 9
"/home/david/Documents/BlackBoxRadarAttacks/FMCW_radar_uhd/build/.cmake/api/v1/query/client-vscode/query.json", "JSON", 1, 0, 0, 0, 0, 0, 0, 0, 0, 0, 1
"/home/david/Documents/BlackBoxRadarAttacks/FMCW_radar_uhd/build/.cmake/api/v1/reply/cache-v2-e00be2bca3093717870c.json", "JSON", 2635, 0, 0, 0, 0, 0, 0, 0, 0, 1, 2636
"/home/david/Documents/BlackBoxRadarAttacks/FMCW_radar_uhd/build/.cmake/api/v1/reply/cmakeFiles-v1-00602bca41773f81cae4.json", "JSON", 813, 0, 0, 0, 0, 0, 0, 0, 0, 1, 814
"/home/david/Documents/BlackBoxRadarAttacks/FMCW_radar_uhd/build/.cmake/api/v1/reply/codemodel-v2-c4438c2040acff6853c6.json", "JSON", 465, 0, 0, 0, 0, 0, 0, 0, 0, 1, 466
"/home/david/Documents/BlackBoxRadarAttacks/FMCW_radar_uhd/build/.cmake/api/v1/reply/directory-.-Debug-f5ebdc15457944623624.json", "JSON", 14, 0, 0, 0, 0, 0, 0, 0, 0, 1, 15
"/home/david/Documents/BlackBoxRadarAttacks/FMCW_radar_uhd/build/.cmake/api/v1/reply/directory-src-Debug-b6cf2213fc5053b67c22.json", "JSON", 14, 0, 0, 0, 0, 0, 0, 0, 0, 1, 15
"/home/david/Documents/BlackBoxRadarAttacks/FMCW_radar_uhd/build/.cmake/api/v1/reply/directory-src.attacking_subsystem-Debug-6dde70d26dcf4a33e6be.json", "JSON", 14, 0, 0, 0, 0, 0, 0, 0, 0, 1, 15
"/home/david/Documents/BlackBoxRadarAttacks/FMCW_radar_uhd/build/.cmake/api/v1/reply/directory-src.sensing_subsystem-Debug-35673dfd189aa3ac0d92.json", "JSON", 14, 0, 0, 0, 0, 0, 0, 0, 0, 1, 15
"/home/david/Documents/BlackBoxRadarAttacks/FMCW_radar_uhd/build/.cmake/api/v1/reply/index-2023-06-28T12-58-49-0444.json", "JSON", 132, 0, 0, 0, 0, 0, 0, 0, 0, 1, 133
"/home/david/Documents/BlackBoxRadarAttacks/FMCW_radar_uhd/build/.cmake/api/v1/reply/target-ATTACKER-Debug-2a610ea8ca294f73143e.json", "JSON", 176, 0, 0, 0, 0, 0, 0, 0, 0, 1, 177
"/home/david/Documents/BlackBoxRadarAttacks/FMCW_radar_uhd/build/.cmake/api/v1/reply/target-AttackingSubsystem-Debug-78983a335f7e9c86c460.json", "JSON", 168, 0, 0, 0, 0, 0, 0, 0, 0, 1, 169
"/home/david/Documents/BlackBoxRadarAttacks/FMCW_radar_uhd/build/.cmake/api/v1/reply/target-BufferHandler-Debug-9065ac9c589d695e6af7.json", "JSON", 145, 0, 0, 0, 0, 0, 0, 0, 0, 1, 146
"/home/david/Documents/BlackBoxRadarAttacks/FMCW_radar_uhd/build/.cmake/api/v1/reply/target-Continuous-Debug-a8de1fb9b8cfff0ea82a.json", "JSON", 93, 0, 0, 0, 0, 0, 0, 0, 0, 1, 94
"/home/david/Documents/BlackBoxRadarAttacks/FMCW_radar_uhd/build/.cmake/api/v1/reply/target-ContinuousBuild-Debug-d740f3a3d06cc8193253.json", "JSON", 93, 0, 0, 0, 0, 0, 0, 0, 0, 1, 94
"/home/david/Documents/BlackBoxRadarAttacks/FMCW_radar_uhd/build/.cmake/api/v1/reply/target-ContinuousConfigure-Debug-32578221f6611cb8facb.json", "JSON", 93, 0, 0, 0, 0, 0, 0, 0, 0, 1, 94
"/home/david/Documents/BlackBoxRadarAttacks/FMCW_radar_uhd/build/.cmake/api/v1/reply/target-ContinuousCoverage-Debug-ed17f2ef1baed5a01995.json", "JSON", 93, 0, 0, 0, 0, 0, 0, 0, 0, 1, 94
"/home/david/Documents/BlackBoxRadarAttacks/FMCW_radar_uhd/build/.cmake/api/v1/reply/target-ContinuousMemCheck-Debug-4a1d53d3b65dea38c5ee.json", "JSON", 93, 0, 0, 0, 0, 0, 0, 0, 0, 1, 94
"/home/david/Documents/BlackBoxRadarAttacks/FMCW_radar_uhd/build/.cmake/api/v1/reply/target-ContinuousStart-Debug-f11fc4f9fe835f5ce0f6.json", "JSON", 93, 0, 0, 0, 0, 0, 0, 0, 0, 1, 94
"/home/david/Documents/BlackBoxRadarAttacks/FMCW_radar_uhd/build/.cmake/api/v1/reply/target-ContinuousSubmit-Debug-cf04508516cc9340e163.json", "JSON", 93, 0, 0, 0, 0, 0, 0, 0, 0, 1, 94
"/home/david/Documents/BlackBoxRadarAttacks/FMCW_radar_uhd/build/.cmake/api/v1/reply/target-ContinuousTest-Debug-b7310c3025578708e23f.json", "JSON", 93, 0, 0, 0, 0, 0, 0, 0, 0, 1, 94
"/home/david/Documents/BlackBoxRadarAttacks/FMCW_radar_uhd/build/.cmake/api/v1/reply/target-ContinuousUpdate-Debug-84d814afa39d0ee9faa8.json", "JSON", 93, 0, 0, 0, 0, 0, 0, 0, 0, 1, 94
"/home/david/Documents/BlackBoxRadarAttacks/FMCW_radar_uhd/build/.cmake/api/v1/reply/target-CrossCorr-Debug-e4b1584bec7b52a06b40.json", "JSON", 152, 0, 0, 0, 0, 0, 0, 0, 0, 1, 153
"/home/david/Documents/BlackBoxRadarAttacks/FMCW_radar_uhd/build/.cmake/api/v1/reply/target-EnergyDetector-Debug-5c4cd65dc8b66021dbfa.json", "JSON", 152, 0, 0, 0, 0, 0, 0, 0, 0, 1, 153
"/home/david/Documents/BlackBoxRadarAttacks/FMCW_radar_uhd/build/.cmake/api/v1/reply/target-Experimental-Debug-fbf1879a066a94eb0efc.json", "JSON", 93, 0, 0, 0, 0, 0, 0, 0, 0, 1, 94
"/home/david/Documents/BlackBoxRadarAttacks/FMCW_radar_uhd/build/.cmake/api/v1/reply/target-ExperimentalBuild-Debug-a03248e17e766cc25fa4.json", "JSON", 93, 0, 0, 0, 0, 0, 0, 0, 0, 1, 94
"/home/david/Documents/BlackBoxRadarAttacks/FMCW_radar_uhd/build/.cmake/api/v1/reply/target-ExperimentalConfigure-Debug-2c9335982d2b75fd81f5.json", "JSON", 93, 0, 0, 0, 0, 0, 0, 0, 0, 1, 94
"/home/david/Documents/BlackBoxRadarAttacks/FMCW_radar_uhd/build/.cmake/api/v1/reply/target-ExperimentalCoverage-Debug-96a83b1d591e52ac7624.json", "JSON", 93, 0, 0, 0, 0, 0, 0, 0, 0, 1, 94
"/home/david/Documents/BlackBoxRadarAttacks/FMCW_radar_uhd/build/.cmake/api/v1/reply/target-ExperimentalMemCheck-Debug-4ea84490ded30f0c13ec.json", "JSON", 93, 0, 0, 0, 0, 0, 0, 0, 0, 1, 94
"/home/david/Documents/BlackBoxRadarAttacks/FMCW_radar_uhd/build/.cmake/api/v1/reply/target-ExperimentalStart-Debug-678aa3767766dd1fb170.json", "JSON", 93, 0, 0, 0, 0, 0, 0, 0, 0, 1, 94
"/home/david/Documents/BlackBoxRadarAttacks/FMCW_radar_uhd/build/.cmake/api/v1/reply/target-ExperimentalSubmit-Debug-b84b312c073b692be6e1.json", "JSON", 93, 0, 0, 0, 0, 0, 0, 0, 0, 1, 94
"/home/david/Documents/BlackBoxRadarAttacks/FMCW_radar_uhd/build/.cmake/api/v1/reply/target-ExperimentalTest-Debug-8b11a724ef16660be82b.json", "JSON", 93, 0, 0, 0, 0, 0, 0, 0, 0, 1, 94
"/home/david/Documents/BlackBoxRadarAttacks/FMCW_radar_uhd/build/.cmake/api/v1/reply/target-ExperimentalUpdate-Debug-3f6a621fc3613ed92d14.json", "JSON", 93, 0, 0, 0, 0, 0, 0, 0, 0, 1, 94
"/home/david/Documents/BlackBoxRadarAttacks/FMCW_radar_uhd/build/.cmake/api/v1/reply/target-FMCWHandler-Debug-ddfc431f896c3b0b5ad9.json", "JSON", 184, 0, 0, 0, 0, 0, 0, 0, 0, 1, 185
"/home/david/Documents/BlackBoxRadarAttacks/FMCW_radar_uhd/build/.cmake/api/v1/reply/target-FMCWImplementation-Debug-8cfe6460df2a8a8b9287.json", "JSON", 330, 0, 0, 0, 0, 0, 0, 0, 0, 1, 331
"/home/david/Documents/BlackBoxRadarAttacks/FMCW_radar_uhd/build/.cmake/api/v1/reply/target-JSONHandler-Debug-b83d769c35aaafb407b6.json", "JSON", 145, 0, 0, 0, 0, 0, 0, 0, 0, 1, 146
"/home/david/Documents/BlackBoxRadarAttacks/FMCW_radar_uhd/build/.cmake/api/v1/reply/target-Nightly-Debug-f9e5b741b22949f8cead.json", "JSON", 93, 0, 0, 0, 0, 0, 0, 0, 0, 1, 94
"/home/david/Documents/BlackBoxRadarAttacks/FMCW_radar_uhd/build/.cmake/api/v1/reply/target-NightlyBuild-Debug-8781efda9dc449fb8b7b.json", "JSON", 93, 0, 0, 0, 0, 0, 0, 0, 0, 1, 94
"/home/david/Documents/BlackBoxRadarAttacks/FMCW_radar_uhd/build/.cmake/api/v1/reply/target-NightlyConfigure-Debug-f353f55e8115384a5eba.json", "JSON", 93, 0, 0, 0, 0, 0, 0, 0, 0, 1, 94
"/home/david/Documents/BlackBoxRadarAttacks/FMCW_radar_uhd/build/.cmake/api/v1/reply/target-NightlyCoverage-Debug-819dae382660b129e632.json", "JSON", 93, 0, 0, 0, 0, 0, 0, 0, 0, 1, 94
"/home/david/Documents/BlackBoxRadarAttacks/FMCW_radar_uhd/build/.cmake/api/v1/reply/target-NightlyMemCheck-Debug-b1c04b202f44b52b7b77.json", "JSON", 93, 0, 0, 0, 0, 0, 0, 0, 0, 1, 94
"/home/david/Documents/BlackBoxRadarAttacks/FMCW_radar_uhd/build/.cmake/api/v1/reply/target-NightlyMemoryCheck-Debug-f9fa24288765d052dece.json", "JSON", 93, 0, 0, 0, 0, 0, 0, 0, 0, 1, 94
"/home/david/Documents/BlackBoxRadarAttacks/FMCW_radar_uhd/build/.cmake/api/v1/reply/target-NightlyStart-Debug-575275489044301a8e37.json", "JSON", 93, 0, 0, 0, 0, 0, 0, 0, 0, 1, 94
"/home/david/Documents/BlackBoxRadarAttacks/FMCW_radar_uhd/build/.cmake/api/v1/reply/target-NightlySubmit-Debug-0aceddf3b1048650fa13.json", "JSON", 93, 0, 0, 0, 0, 0, 0, 0, 0, 1, 94
"/home/david/Documents/BlackBoxRadarAttacks/FMCW_radar_uhd/build/.cmake/api/v1/reply/target-NightlyTest-Debug-7efc6b61aa4f8264ba52.json", "JSON", 93, 0, 0, 0, 0, 0, 0, 0, 0, 1, 94
"/home/david/Documents/BlackBoxRadarAttacks/FMCW_radar_uhd/build/.cmake/api/v1/reply/target-NightlyUpdate-Debug-63d766d752c6738946de.json", "JSON", 93, 0, 0, 0, 0, 0, 0, 0, 0, 1, 94
"/home/david/Documents/BlackBoxRadarAttacks/FMCW_radar_uhd/build/.cmake/api/v1/reply/target-RADAR-Debug-1a2a005d7ae3b85fc0c8.json", "JSON", 168, 0, 0, 0, 0, 0, 0, 0, 0, 1, 169
"/home/david/Documents/BlackBoxRadarAttacks/FMCW_radar_uhd/build/.cmake/api/v1/reply/target-SensingSubsystem-Debug-5a49325d67f831f363a2.json", "JSON", 172, 0, 0, 0, 0, 0, 0, 0, 0, 1, 173
"/home/david/Documents/BlackBoxRadarAttacks/FMCW_radar_uhd/build/.cmake/api/v1/reply/target-SpectrogramHandler-Debug-9e5fd487ba74dac03c80.json", "JSON", 156, 0, 0, 0, 0, 0, 0, 0, 0, 1, 157
"/home/david/Documents/BlackBoxRadarAttacks/FMCW_radar_uhd/build/.cmake/api/v1/reply/target-USRPHandler-Debug-9df96279fd9cf3d2215b.json", "JSON", 164, 0, 0, 0, 0, 0, 0, 0, 0, 1, 165
"/home/david/Documents/BlackBoxRadarAttacks/FMCW_radar_uhd/build/.cmake/api/v1/reply/toolchains-v1-074db5775ec40502811a.json", "JSON", 107, 0, 0, 0, 0, 0, 0, 0, 0, 1, 108
"/home/david/Documents/BlackBoxRadarAttacks/FMCW_radar_uhd/build/CMakeCache.txt", "CMake Cache", 0, 0, 0, 0, 0, 537, 0, 0, 0, 124, 661
"/home/david/Documents/BlackBoxRadarAttacks/FMCW_radar_uhd/build/CMakeFiles/3.22.1/CMakeCCompiler.cmake", "CMake", 0, 0, 0, 55, 0, 0, 0, 0, 0, 18, 73
"/home/david/Documents/BlackBoxRadarAttacks/FMCW_radar_uhd/build/CMakeFiles/3.22.1/CMakeCXXCompiler.cmake", "CMake", 0, 0, 0, 64, 0, 0, 0, 0, 0, 20, 84
"/home/david/Documents/BlackBoxRadarAttacks/FMCW_radar_uhd/build/CMakeFiles/3.22.1/CMakeSystem.cmake", "CMake", 0, 0, 0, 10, 0, 0, 0, 0, 0, 6, 16
"/home/david/Documents/BlackBoxRadarAttacks/FMCW_radar_uhd/build/CMakeFiles/3.22.1/CompilerIdC/CMakeCCompilerId.c", "C", 0, 0, 0, 0, 0, 0, 610, 0, 62, 132, 804
"/home/david/Documents/BlackBoxRadarAttacks/FMCW_radar_uhd/build/CMakeFiles/3.22.1/CompilerIdCXX/CMakeCXXCompilerId.cpp", "C++", 0, 598, 0, 0, 0, 0, 0, 0, 64, 130, 792
"/home/david/Documents/BlackBoxRadarAttacks/FMCW_radar_uhd/build/CMakeFiles/CMakeOutput.log", "Log", 0, 0, 0, 0, 424, 0, 0, 0, 0, 42, 466
"/home/david/Documents/BlackBoxRadarAttacks/FMCW_radar_uhd/build/CPackConfig.cmake", "CMake", 0, 0, 0, 75, 0, 0, 0, 0, 0, 5, 80
"/home/david/Documents/BlackBoxRadarAttacks/FMCW_radar_uhd/build/CPackSourceConfig.cmake", "CMake", 0, 0, 0, 83, 0, 0, 0, 0, 0, 5, 88
"/home/david/Documents/BlackBoxRadarAttacks/FMCW_radar_uhd/build/CTestTestfile.cmake", "CMake", 0, 0, 0, 7, 0, 0, 0, 0, 0, 1, 8
"/home/david/Documents/BlackBoxRadarAttacks/FMCW_radar_uhd/build/Testing/20230418-1914/Build.xml", "XML", 0, 0, 0, 0, 0, 0, 0, 372, 0, 1, 373
"/home/david/Documents/BlackBoxRadarAttacks/FMCW_radar_uhd/build/Testing/20230418-1914/Configure.xml", "XML", 0, 0, 0, 0, 0, 0, 0, 79, 0, 1, 80
"/home/david/Documents/BlackBoxRadarAttacks/FMCW_radar_uhd/build/Testing/20230418-1916/Build.xml", "XML", 0, 0, 0, 0, 0, 0, 0, 190, 0, 1, 191
"/home/david/Documents/BlackBoxRadarAttacks/FMCW_radar_uhd/build/Testing/20230418-1916/Configure.xml", "XML", 0, 0, 0, 0, 0, 0, 0, 79, 0, 1, 80
"/home/david/Documents/BlackBoxRadarAttacks/FMCW_radar_uhd/build/Testing/Temporary/LastBuild_20230418-1914.log", "Log", 0, 0, 0, 0, 139, 0, 0, 0, 0, 1, 140
"/home/david/Documents/BlackBoxRadarAttacks/FMCW_radar_uhd/build/Testing/Temporary/LastBuild_20230418-1916.log", "Log", 0, 0, 0, 0, 70, 0, 0, 0, 0, 1, 71
"/home/david/Documents/BlackBoxRadarAttacks/FMCW_radar_uhd/build/Testing/Temporary/LastConfigure_20230418-1914.log", "Log", 0, 0, 0, 0, 43, 0, 0, 0, 0, 1, 44
"/home/david/Documents/BlackBoxRadarAttacks/FMCW_radar_uhd/build/Testing/Temporary/LastConfigure_20230418-1916.log", "Log", 0, 0, 0, 0, 43, 0, 0, 0, 0, 1, 44
"/home/david/Documents/BlackBoxRadarAttacks/FMCW_radar_uhd/build/Testing/Temporary/LastCoverage_20230418-1914.log", "Log", 0, 0, 0, 0, 1, 0, 0, 0, 0, 1, 2
"/home/david/Documents/BlackBoxRadarAttacks/FMCW_radar_uhd/build/Testing/Temporary/LastCoverage_20230418-1916.log", "Log", 0, 0, 0, 0, 1, 0, 0, 0, 0, 1, 2
"/home/david/Documents/BlackBoxRadarAttacks/FMCW_radar_uhd/build/Testing/Temporary/LastSubmit_20230418-1914.log", "Log", 0, 0, 0, 0, 8, 0, 0, 0, 0, 1, 9
"/home/david/Documents/BlackBoxRadarAttacks/FMCW_radar_uhd/build/Testing/Temporary/LastSubmit_20230418-1916.log", "Log", 0, 0, 0, 0, 8, 0, 0, 0, 0, 1, 9
"/home/david/Documents/BlackBoxRadarAttacks/FMCW_radar_uhd/build/Testing/Temporary/LastTest.log", "Log", 0, 0, 0, 0, 3, 0, 0, 0, 0, 1, 4
"/home/david/Documents/BlackBoxRadarAttacks/FMCW_radar_uhd/build/Testing/Temporary/LastTest_20230418-1914.log", "Log", 0, 0, 0, 0, 0, 0, 0, 0, 0, 1, 1
"/home/david/Documents/BlackBoxRadarAttacks/FMCW_radar_uhd/build/Testing/Temporary/LastTest_20230418-1916.log", "Log", 0, 0, 0, 0, 0, 0, 0, 0, 0, 1, 1
"/home/david/Documents/BlackBoxRadarAttacks/FMCW_radar_uhd/build/Testing/Temporary/LastUpdate_20230418-1914.log", "Log", 0, 0, 0, 0, 0, 0, 0, 0, 0, 1, 1
"/home/david/Documents/BlackBoxRadarAttacks/FMCW_radar_uhd/build/Testing/Temporary/LastUpdate_20230418-1916.log", "Log", 0, 0, 0, 0, 0, 0, 0, 0, 0, 1, 1
"/home/david/Documents/BlackBoxRadarAttacks/FMCW_radar_uhd/build/cmake_install.cmake", "CMake", 0, 0, 0, 50, 0, 0, 0, 0, 0, 11, 61
"/home/david/Documents/BlackBoxRadarAttacks/FMCW_radar_uhd/build/compile_commands.json", "JSON", 62, 0, 0, 0, 0, 0, 0, 0, 0, 0, 62
"/home/david/Documents/BlackBoxRadarAttacks/FMCW_radar_uhd/build/src/CTestTestfile.cmake", "CMake", 0, 0, 0, 8, 0, 0, 0, 0, 0, 1, 9
"/home/david/Documents/BlackBoxRadarAttacks/FMCW_radar_uhd/build/src/attacking_subsystem/CTestTestfile.cmake", "CMake", 0, 0, 0, 6, 0, 0, 0, 0, 0, 1, 7
"/home/david/Documents/BlackBoxRadarAttacks/FMCW_radar_uhd/build/src/attacking_subsystem/cmake_install.cmake", "CMake", 0, 0, 0, 37, 0, 0, 0, 0, 0, 8, 45
"/home/david/Documents/BlackBoxRadarAttacks/FMCW_radar_uhd/build/src/cmake_install.cmake", "CMake", 0, 0, 0, 42, 0, 0, 0, 0, 0, 10, 52
"/home/david/Documents/BlackBoxRadarAttacks/FMCW_radar_uhd/build/src/sensing_subsystem/CTestTestfile.cmake", "CMake", 0, 0, 0, 6, 0, 0, 0, 0, 0, 1, 7
"/home/david/Documents/BlackBoxRadarAttacks/FMCW_radar_uhd/build/src/sensing_subsystem/cmake_install.cmake", "CMake", 0, 0, 0, 37, 0, 0, 0, 0, 0, 8, 45
"/home/david/Documents/BlackBoxRadarAttacks/FMCW_radar_uhd/main.cpp", "C++", 0, 64, 0, 0, 0, 0, 0, 0, 44, 24, 132
"/home/david/Documents/BlackBoxRadarAttacks/FMCW_radar_uhd/reference/rx_samples_to_file.cpp", "C++", 0, 349, 0, 0, 0, 0, 0, 0, 28, 45, 422
"/home/david/Documents/BlackBoxRadarAttacks/FMCW_radar_uhd/reference/tx_samples_from_file.cpp", "C++", 0, 187, 0, 0, 0, 0, 0, 0, 26, 31, 244
"/home/david/Documents/BlackBoxRadarAttacks/FMCW_radar_uhd/reference/txrx_loopback_to_file.cpp", "C++", 0, 426, 0, 0, 0, 0, 0, 0, 74, 61, 561
"/home/david/Documents/BlackBoxRadarAttacks/FMCW_radar_uhd/reference/wavetable.hpp", "C++", 0, 54, 0, 0, 0, 0, 0, 0, 23, 7, 84
"/home/david/Documents/BlackBoxRadarAttacks/FMCW_radar_uhd/src/Attacker.cpp", "C++", 0, 1, 0, 0, 0, 0, 0, 0, 3, 1, 5
"/home/david/Documents/BlackBoxRadarAttacks/FMCW_radar_uhd/src/Attacker.hpp", "C++", 0, 88, 0, 0, 0, 0, 0, 0, 63, 25, 176
"/home/david/Documents/BlackBoxRadarAttacks/FMCW_radar_uhd/src/BufferHandler.cpp", "C++", 0, 1, 0, 0, 0, 0, 0, 0, 6, 5, 12
"/home/david/Documents/BlackBoxRadarAttacks/FMCW_radar_uhd/src/BufferHandler.hpp", "C++", 0, 823, 0, 0, 0, 0, 0, 0, 539, 200, 1562
"/home/david/Documents/BlackBoxRadarAttacks/FMCW_radar_uhd/src/FMCWHandler.cpp", "C++", 0, 1, 0, 0, 0, 0, 0, 0, 5, 1, 7
"/home/david/Documents/BlackBoxRadarAttacks/FMCW_radar_uhd/src/FMCWHandler.hpp", "C++", 0, 165, 0, 0, 0, 0, 0, 0, 58, 35, 258
"/home/david/Documents/BlackBoxRadarAttacks/FMCW_radar_uhd/src/JSONHandler.cpp", "C++", 0, 33, 0, 0, 0, 0, 0, 0, 0, 7, 40
"/home/david/Documents/BlackBoxRadarAttacks/FMCW_radar_uhd/src/JSONHandler.hpp", "C++", 0, 13, 0, 0, 0, 0, 0, 0, 0, 2, 15
"/home/david/Documents/BlackBoxRadarAttacks/FMCW_radar_uhd/src/RADAR.cpp", "C++", 0, 1, 0, 0, 0, 0, 0, 0, 6, 4, 11
"/home/david/Documents/BlackBoxRadarAttacks/FMCW_radar_uhd/src/RADAR.hpp", "C++", 0, 294, 0, 0, 0, 0, 0, 0, 162, 83, 539
"/home/david/Documents/BlackBoxRadarAttacks/FMCW_radar_uhd/src/USRPHandler.cpp", "C++", 0, 1, 0, 0, 0, 0, 0, 0, 6, 2, 9
"/home/david/Documents/BlackBoxRadarAttacks/FMCW_radar_uhd/src/USRPHandler.hpp", "C++", 0, 939, 0, 0, 0, 0, 0, 0, 301, 180, 1420
"/home/david/Documents/BlackBoxRadarAttacks/FMCW_radar_uhd/src/attacking_subsystem/AttackingSubsystem.cpp", "C++", 0, 1, 0, 0, 0, 0, 0, 0, 3, 1, 5
"/home/david/Documents/BlackBoxRadarAttacks/FMCW_radar_uhd/src/attacking_subsystem/AttackingSubsystem.hpp", "C++", 0, 940, 0, 0, 0, 0, 0, 0, 397, 251, 1588
"/home/david/Documents/BlackBoxRadarAttacks/FMCW_radar_uhd/src/sensing_subsystem/CrossCorr.cpp", "C++", 0, 1, 0, 0, 0, 0, 0, 0, 6, 1, 8
"/home/david/Documents/BlackBoxRadarAttacks/FMCW_radar_uhd/src/sensing_subsystem/CrossCorr.hpp", "C++", 0, 145, 0, 0, 0, 0, 0, 0, 72, 39, 256
"/home/david/Documents/BlackBoxRadarAttacks/FMCW_radar_uhd/src/sensing_subsystem/Eigen/src/Cholesky/LDLT.h", "C++", 0, 410, 0, 0, 0, 0, 0, 0, 188, 91, 689
"/home/david/Documents/BlackBoxRadarAttacks/FMCW_radar_uhd/src/sensing_subsystem/Eigen/src/Cholesky/LLT.h", "C++", 0, 344, 0, 0, 0, 0, 0, 0, 143, 72, 559
"/home/david/Documents/BlackBoxRadarAttacks/FMCW_radar_uhd/src/sensing_subsystem/Eigen/src/Cholesky/LLT_LAPACKE.h", "C++", 0, 59, 0, 0, 0, 0, 0, 0, 31, 10, 100
"/home/david/Documents/BlackBoxRadarAttacks/FMCW_radar_uhd/src/sensing_subsystem/Eigen/src/CholmodSupport/CholmodSupport.h", "C++", 0, 410, 0, 0, 0, 0, 0, 0, 177, 96, 683
"/home/david/Documents/BlackBoxRadarAttacks/FMCW_radar_uhd/src/sensing_subsystem/Eigen/src/Core/ArithmeticSequence.h", "C++", 0, 262, 0, 0, 0, 0, 0, 0, 93, 59, 414
"/home/david/Documents/BlackBoxRadarAttacks/FMCW_radar_uhd/src/sensing_subsystem/Eigen/src/Core/Array.h", "C++", 0, 227, 0, 0, 0, 0, 0, 0, 143, 48, 418
"/home/david/Documents/BlackBoxRadarAttacks/FMCW_radar_uhd/src/sensing_subsystem/Eigen/src/Core/ArrayBase.h", "C++", 0, 137, 0, 0, 0, 0, 0, 0, 59, 31, 227
"/home/david/Documents/BlackBoxRadarAttacks/FMCW_radar_uhd/src/sensing_subsystem/Eigen/src/Core/ArrayWrapper.h", "C++", 0, 138, 0, 0, 0, 0, 0, 0, 38, 34, 210
"/home/david/Documents/BlackBoxRadarAttacks/FMCW_radar_uhd/src/sensing_subsystem/Eigen/src/Core/Assign.h", "C++", 0, 66, 0, 0, 0, 0, 0, 0, 10, 15, 91
"/home/david/Documents/BlackBoxRadarAttacks/FMCW_radar_uhd/src/sensing_subsystem/Eigen/src/Core/AssignEvaluator.h", "C++", 0, 748, 0, 0, 0, 0, 0, 0, 118, 145, 1011
"/home/david/Documents/BlackBoxRadarAttacks/FMCW_radar_uhd/src/sensing_subsystem/Eigen/src/Core/Assign_MKL.h", "C++", 0, 124, 0, 0, 0, 0, 0, 0, 33, 22, 179
"/home/david/Documents/BlackBoxRadarAttacks/FMCW_radar_uhd/src/sensing_subsystem/Eigen/src/Core/BandMatrix.h", "C++", 0, 235, 0, 0, 0, 0, 0, 0, 60, 59, 354
"/home/david/Documents/BlackBoxRadarAttacks/FMCW_radar_uhd/src/sensing_subsystem/Eigen/src/Core/Block.h", "C++", 0, 309, 0, 0, 0, 0, 0, 0, 82, 58, 449
"/home/david/Documents/BlackBoxRadarAttacks/FMCW_radar_uhd/src/sensing_subsystem/Eigen/src/Core/BooleanRedux.h", "C++", 0, 112, 0, 0, 0, 0, 0, 0, 31, 20, 163
"/home/david/Documents/BlackBoxRadarAttacks/FMCW_radar_uhd/src/sensing_subsystem/Eigen/src/Core/CommaInitializer.h", "C++", 0, 102, 0, 0, 0, 0, 0, 0, 47, 16, 165
"/home/david/Documents/BlackBoxRadarAttacks/FMCW_radar_uhd/src/sensing_subsystem/Eigen/src/Core/ConditionEstimator.h", "C++", 0, 95, 0, 0, 0, 0, 0, 0, 66, 15, 176
"/home/david/Documents/BlackBoxRadarAttacks/FMCW_radar_uhd/src/sensing_subsystem/Eigen/src/Core/CoreEvaluators.h", "C++", 0, 1345, 0, 0, 0, 0, 0, 0, 111, 286, 1742
"/home/david/Documents/BlackBoxRadarAttacks/FMCW_radar_uhd/src/sensing_subsystem/Eigen/src/Core/CoreIterators.h", "C++", 0, 76, 0, 0, 0, 0, 0, 0, 32, 25, 133
"/home/david/Documents/BlackBoxRadarAttacks/FMCW_radar_uhd/src/sensing_subsystem/Eigen/src/Core/CwiseBinaryOp.h", "C++", 0, 116, 0, 0, 0, 0, 0, 0, 48, 20, 184
"/home/david/Documents/BlackBoxRadarAttacks/FMCW_radar_uhd/src/sensing_subsystem/Eigen/src/Core/CwiseNullaryOp.h", "C++", 0, 417, 0, 0, 0, 0, 0, 0, 512, 73, 1002
"/home/david/Documents/BlackBoxRadarAttacks/FMCW_radar_uhd/src/sensing_subsystem/Eigen/src/Core/CwiseTernaryOp.h", "C++", 0, 125, 0, 0, 0, 0, 0, 0, 53, 20, 198
"/home/david/Documents/BlackBoxRadarAttacks/FMCW_radar_uhd/src/sensing_subsystem/Eigen/src/Core/CwiseUnaryOp.h", "C++", 0, 56, 0, 0, 0, 0, 0, 0, 32, 16, 104
"/home/david/Documents/BlackBoxRadarAttacks/FMCW_radar_uhd/src/sensing_subsystem/Eigen/src/Core/CwiseUnaryView.h", "C++", 0, 83, 0, 0, 0, 0, 0, 0, 27, 23, 133
"/home/david/Documents/BlackBoxRadarAttacks/FMCW_radar_uhd/src/sensing_subsystem/Eigen/src/Core/DenseBase.h", "C++", 0, 410, 0, 0, 0, 0, 0, 0, 194, 98, 702
"/home/david/Documents/BlackBoxRadarAttacks/FMCW_radar_uhd/src/sensing_subsystem/Eigen/src/Core/DenseCoeffsBase.h", "C++", 0, 368, 0, 0, 0, 0, 0, 0, 232, 86, 686
"/home/david/Documents/BlackBoxRadarAttacks/FMCW_radar_uhd/src/sensing_subsystem/Eigen/src/Core/DenseStorage.h", "C++", 0, 572, 0, 0, 0, 0, 0, 0, 39, 42, 653
"/home/david/Documents/BlackBoxRadarAttacks/FMCW_radar_uhd/src/sensing_subsystem/Eigen/src/Core/Diagonal.h", "C++", 0, 164, 0, 0, 0, 0, 0, 0, 62, 33, 259
"/home/david/Documents/BlackBoxRadarAttacks/FMCW_radar_uhd/src/sensing_subsystem/Eigen/src/Core/DiagonalMatrix.h", "C++", 0, 254, 0, 0, 0, 0, 0, 0, 85, 53, 392
"/home/david/Documents/BlackBoxRadarAttacks/FMCW_radar_uhd/src/sensing_subsystem/Eigen/src/Core/DiagonalProduct.h", "C++", 0, 12, 0, 0, 0, 0, 0, 0, 11, 6, 29
"/home/david/Documents/BlackBoxRadarAttacks/FMCW_radar_uhd/src/sensing_subsystem/Eigen/src/Core/Dot.h", "C++", 0, 181, 0, 0, 0, 0, 0, 0, 108, 30, 319
"/home/david/Documents/BlackBoxRadarAttacks/FMCW_radar_uhd/src/sensing_subsystem/Eigen/src/Core/EigenBase.h", "C++", 0, 80, 0, 0, 0, 0, 0, 0, 60, 21, 161
"/home/david/Documents/BlackBoxRadarAttacks/FMCW_radar_uhd/src/sensing_subsystem/Eigen/src/Core/ForceAlignedAccess.h", "C++", 0, 93, 0, 0, 0, 0, 0, 0, 32, 26, 151
"/home/david/Documents/BlackBoxRadarAttacks/FMCW_radar_uhd/src/sensing_subsystem/Eigen/src/Core/Fuzzy.h", "C++", 0, 90, 0, 0, 0, 0, 0, 0, 49, 17, 156
"/home/david/Documents/BlackBoxRadarAttacks/FMCW_radar_uhd/src/sensing_subsystem/Eigen/src/Core/GeneralProduct.h", "C++", 0, 323, 0, 0, 0, 0, 0, 0, 84, 59, 466
"/home/david/Documents/BlackBoxRadarAttacks/FMCW_radar_uhd/src/sensing_subsystem/Eigen/src/Core/GenericPacketMath.h", "C++", 0, 671, 0, 0, 0, 0, 0, 0, 216, 154, 1041
"/home/david/Documents/BlackBoxRadarAttacks/FMCW_radar_uhd/src/sensing_subsystem/Eigen/src/Core/GlobalFunctions.h", "C++", 0, 132, 0, 0, 0, 0, 0, 0, 47, 16, 195
"/home/david/Documents/BlackBoxRadarAttacks/FMCW_radar_uhd/src/sensing_subsystem/Eigen/src/Core/IO.h", "C++", 0, 166, 0, 0, 0, 0, 0, 0, 70, 23, 259
"/home/david/Documents/BlackBoxRadarAttacks/FMCW_radar_uhd/src/sensing_subsystem/Eigen/src/Core/IndexedView.h", "C++", 0, 134, 0, 0, 0, 0, 0, 0, 55, 49, 238
"/home/david/Documents/BlackBoxRadarAttacks/FMCW_radar_uhd/src/sensing_subsystem/Eigen/src/Core/Inverse.h", "C++", 0, 67, 0, 0, 0, 0, 0, 0, 29, 22, 118
"/home/david/Documents/BlackBoxRadarAttacks/FMCW_radar_uhd/src/sensing_subsystem/Eigen/src/Core/Map.h", "C++", 0, 77, 0, 0, 0, 0, 0, 0, 77, 18, 172
"/home/david/Documents/BlackBoxRadarAttacks/FMCW_radar_uhd/src/sensing_subsystem/Eigen/src/Core/MapBase.h", "C++", 0, 206, 0, 0, 0, 0, 0, 0, 60, 45, 311
"/home/david/Documents/BlackBoxRadarAttacks/FMCW_radar_uhd/src/sensing_subsystem/Eigen/src/Core/MathFunctions.h", "C++", 0, 1604, 0, 0, 0, 0, 0, 0, 163, 291, 2058
"/home/david/Documents/BlackBoxRadarAttacks/FMCW_radar_uhd/src/sensing_subsystem/Eigen/src/Core/MathFunctionsImpl.h", "C++", 0, 104, 0, 0, 0, 0, 0, 0, 74, 23, 201
"/home/david/Documents/BlackBoxRadarAttacks/FMCW_radar_uhd/src/sensing_subsystem/Eigen/src/Core/Matrix.h", "C++", 0, 240, 0, 0, 0, 0, 0, 0, 270, 56, 566
"/home/david/Documents/BlackBoxRadarAttacks/FMCW_radar_uhd/src/sensing_subsystem/Eigen/src/Core/MatrixBase.h", "C++", 0, 351, 0, 0, 0, 0, 0, 0, 103, 94, 548
"/home/david/Documents/BlackBoxRadarAttacks/FMCW_radar_uhd/src/sensing_subsystem/Eigen/src/Core/NestByValue.h", "C++", 0, 45, 0, 0, 0, 0, 0, 0, 24, 17, 86
"/home/david/Documents/BlackBoxRadarAttacks/FMCW_radar_uhd/src/sensing_subsystem/Eigen/src/Core/NoAlias.h", "C++", 0, 46, 0, 0, 0, 0, 0, 0, 51, 13, 110
"/home/david/Documents/BlackBoxRadarAttacks/FMCW_radar_uhd/src/sensing_subsystem/Eigen/src/Core/NumTraits.h", "C++", 0, 224, 0, 0, 0, 0, 0, 0, 67, 45, 336
"/home/david/Documents/BlackBoxRadarAttacks/FMCW_radar_uhd/src/sensing_subsystem/Eigen/src/Core/PartialReduxEvaluator.h", "C++", 0, 151, 0, 0, 0, 0, 0, 0, 46, 36, 233
"/home/david/Documents/BlackBoxRadarAttacks/FMCW_radar_uhd/src/sensing_subsystem/Eigen/src/Core/PermutationMatrix.h", "C++", 0, 372, 0, 0, 0, 0, 0, 0, 149, 85, 606
"/home/david/Documents/BlackBoxRadarAttacks/FMCW_radar_uhd/src/sensing_subsystem/Eigen/src/Core/PlainObjectBase.h", "C++", 0, 758, 0, 0, 0, 0, 0, 0, 259, 112, 1129
"/home/david/Documents/BlackBoxRadarAttacks/FMCW_radar_uhd/src/sensing_subsystem/Eigen/src/Core/Product.h", "C++", 0, 127, 0, 0, 0, 0, 0, 0, 26, 39, 192
"/home/david/Documents/BlackBoxRadarAttacks/FMCW_radar_uhd/src/sensing_subsystem/Eigen/src/Core/ProductEvaluators.h", "C++", 0, 863, 0, 0, 0, 0, 0, 0, 143, 174, 1180
"/home/david/Documents/BlackBoxRadarAttacks/FMCW_radar_uhd/src/sensing_subsystem/Eigen/src/Core/Random.h", "C++", 0, 63, 0, 0, 0, 0, 0, 0, 139, 17, 219
"/home/david/Documents/BlackBoxRadarAttacks/FMCW_radar_uhd/src/sensing_subsystem/Eigen/src/Core/Redux.h", "C++", 0, 370, 0, 0, 0, 0, 0, 0, 82, 64, 516
"/home/david/Documents/BlackBoxRadarAttacks/FMCW_radar_uhd/src/sensing_subsystem/Eigen/src/Core/Ref.h", "C++", 0, 222, 0, 0, 0, 0, 0, 0, 111, 49, 382
"/home/david/Documents/BlackBoxRadarAttacks/FMCW_radar_uhd/src/sensing_subsystem/Eigen/src/Core/Replicate.h", "C++", 0, 85, 0, 0, 0, 0, 0, 0, 42, 16, 143
"/home/david/Documents/BlackBoxRadarAttacks/FMCW_radar_uhd/src/sensing_subsystem/Eigen/src/Core/Reshaped.h", "C++", 0, 310, 0, 0, 0, 0, 0, 0, 73, 72, 455
"/home/david/Documents/BlackBoxRadarAttacks/FMCW_radar_uhd/src/sensing_subsystem/Eigen/src/Core/ReturnByValue.h", "C++", 0, 74, 0, 0, 0, 0, 0, 0, 26, 20, 120
"/home/david/Documents/BlackBoxRadarAttacks/FMCW_radar_uhd/src/sensing_subsystem/Eigen/src/Core/Reverse.h", "C++", 0, 135, 0, 0, 0, 0, 0, 0, 54, 29, 218
"/home/david/Documents/BlackBoxRadarAttacks/FMCW_radar_uhd/src/sensing_subsystem/Eigen/src/Core/Select.h", "C++", 0, 104, 0, 0, 0, 0, 0, 0, 40, 21, 165
"/home/david/Documents/BlackBoxRadarAttacks/FMCW_radar_uhd/src/sensing_subsystem/Eigen/src/Core/SelfAdjointView.h", "C++", 0, 212, 0, 0, 0, 0, 0, 0, 102, 52, 366
"/home/david/Documents/BlackBoxRadarAttacks/FMCW_radar_uhd/src/sensing_subsystem/Eigen/src/Core/SelfCwiseBinaryOp.h", "C++", 0, 29, 0, 0, 0, 0, 0, 0, 9, 10, 48
"/home/david/Documents/BlackBoxRadarAttacks/FMCW_radar_uhd/src/sensing_subsystem/Eigen/src/Core/Solve.h", "C++", 0, 125, 0, 0, 0, 0, 0, 0, 28, 36, 189
"/home/david/Documents/BlackBoxRadarAttacks/FMCW_radar_uhd/src/sensing_subsystem/Eigen/src/Core/SolveTriangular.h", "C++", 0, 168, 0, 0, 0, 0, 0, 0, 20, 48, 236
"/home/david/Documents/BlackBoxRadarAttacks/FMCW_radar_uhd/src/sensing_subsystem/Eigen/src/Core/SolverBase.h", "C++", 0, 94, 0, 0, 0, 0, 0, 0, 48, 27, 169
"/home/david/Documents/BlackBoxRadarAttacks/FMCW_radar_uhd/src/sensing_subsystem/Eigen/src/Core/StableNorm.h", "C++", 0, 180, 0, 0, 0, 0, 0, 0, 42, 30, 252
"/home/david/Documents/BlackBoxRadarAttacks/FMCW_radar_uhd/src/sensing_subsystem/Eigen/src/Core/StlIterators.h", "C++", 0, 339, 0, 0, 0, 0, 0, 0, 32, 93, 464
"/home/david/Documents/BlackBoxRadarAttacks/FMCW_radar_uhd/src/sensing_subsystem/Eigen/src/Core/Stride.h", "C++", 0, 53, 0, 0, 0, 0, 0, 0, 51, 13, 117
"/home/david/Documents/BlackBoxRadarAttacks/FMCW_radar_uhd/src/sensing_subsystem/Eigen/src/Core/Swap.h", "C++", 0, 46, 0, 0, 0, 0, 0, 0, 10, 13, 69
"/home/david/Documents/BlackBoxRadarAttacks/FMCW_radar_uhd/src/sensing_subsystem/Eigen/src/Core/Transpose.h", "C++", 0, 286, 0, 0, 0, 0, 0, 0, 120, 59, 465
"/home/david/Documents/BlackBoxRadarAttacks/FMCW_radar_uhd/src/sensing_subsystem/Eigen/src/Core/Transpositions.h", "C++", 0, 223, 0, 0, 0, 0, 0, 0, 97, 67, 387
"/home/david/Documents/BlackBoxRadarAttacks/FMCW_radar_uhd/src/sensing_subsystem/Eigen/src/Core/TriangularMatrix.h", "C++", 0, 670, 0, 0, 0, 0, 0, 0, 185, 147, 1002
"/home/david/Documents/BlackBoxRadarAttacks/FMCW_radar_uhd/src/sensing_subsystem/Eigen/src/Core/VectorBlock.h", "C++", 0, 43, 0, 0, 0, 0, 0, 0, 43, 11, 97
"/home/david/Documents/BlackBoxRadarAttacks/FMCW_radar_uhd/src/sensing_subsystem/Eigen/src/Core/VectorwiseOp.h", "C++", 0, 437, 0, 0, 0, 0, 0, 0, 255, 93, 785
"/home/david/Documents/BlackBoxRadarAttacks/FMCW_radar_uhd/src/sensing_subsystem/Eigen/src/Core/Visitor.h", "C++", 0, 258, 0, 0, 0, 0, 0, 0, 85, 39, 382
"/home/david/Documents/BlackBoxRadarAttacks/FMCW_radar_uhd/src/sensing_subsystem/Eigen/src/Core/arch/AVX/Complex.h", "C++", 0, 302, 0, 0, 0, 0, 0, 0, 13, 58, 373
"/home/david/Documents/BlackBoxRadarAttacks/FMCW_radar_uhd/src/sensing_subsystem/Eigen/src/Core/arch/AVX/MathFunctions.h", "C++", 0, 151, 0, 0, 0, 0, 0, 0, 39, 39, 229
"/home/david/Documents/BlackBoxRadarAttacks/FMCW_radar_uhd/src/sensing_subsystem/Eigen/src/Core/arch/AVX/PacketMath.h", "C++", 0, 1277, 0, 0, 0, 0, 0, 0, 92, 206, 1575
"/home/david/Documents/BlackBoxRadarAttacks/FMCW_radar_uhd/src/sensing_subsystem/Eigen/src/Core/arch/AVX/TypeCasting.h", "C++", 0, 81, 0, 0, 0, 0, 0, 0, 10, 25, 116
"/home/david/Documents/BlackBoxRadarAttacks/FMCW_radar_uhd/src/sensing_subsystem/Eigen/src/Core/arch/AVX512/Complex.h", "C++", 0, 349, 0, 0, 0, 0, 0, 0, 10, 64, 423
"/home/david/Documents/BlackBoxRadarAttacks/FMCW_radar_uhd/src/sensing_subsystem/Eigen/src/Core/arch/AVX512/MathFunctions.h", "C++", 0, 236, 0, 0, 0, 0, 0, 0, 55, 72, 363
"/home/david/Documents/BlackBoxRadarAttacks/FMCW_radar_uhd/src/sensing_subsystem/Eigen/src/Core/arch/AVX512/PacketMath.h", "C++", 0, 1957, 0, 0, 0, 0, 0, 0, 84, 263, 2304
"/home/david/Documents/BlackBoxRadarAttacks/FMCW_radar_uhd/src/sensing_subsystem/Eigen/src/Core/arch/AVX512/TypeCasting.h", "C++", 0, 63, 0, 0, 0, 0, 0, 0, 8, 19, 90
"/home/david/Documents/BlackBoxRadarAttacks/FMCW_radar_uhd/src/sensing_subsystem/Eigen/src/Core/arch/AltiVec/Complex.h", "C++", 0, 324, 0, 0, 0, 0, 0, 0, 27, 67, 418
"/home/david/Documents/BlackBoxRadarAttacks/FMCW_radar_uhd/src/sensing_subsystem/Eigen/src/Core/arch/AltiVec/MathFunctions.h", "C++", 0, 63, 0, 0, 0, 0, 0, 0, 11, 17, 91
"/home/david/Documents/BlackBoxRadarAttacks/FMCW_radar_uhd/src/sensing_subsystem/Eigen/src/Core/arch/AltiVec/MatrixProduct.h", "C++", 0, 2489, 0, 0, 0, 0, 0, 0, 85, 364, 2938
"/home/david/Documents/BlackBoxRadarAttacks/FMCW_radar_uhd/src/sensing_subsystem/Eigen/src/Core/arch/AltiVec/MatrixProductCommon.h", "C++", 0, 182, 0, 0, 0, 0, 0, 0, 5, 35, 222
"/home/david/Documents/BlackBoxRadarAttacks/FMCW_radar_uhd/src/sensing_subsystem/Eigen/src/Core/arch/AltiVec/MatrixProductMMA.h", "C++", 0, 521, 0, 0, 0, 0, 0, 0, 15, 94, 630
"/home/david/Documents/BlackBoxRadarAttacks/FMCW_radar_uhd/src/sensing_subsystem/Eigen/src/Core/arch/AltiVec/PacketMath.h", "C++", 0, 2252, 0, 0, 0, 0, 0, 0, 78, 382, 2712
"/home/david/Documents/BlackBoxRadarAttacks/FMCW_radar_uhd/src/sensing_subsystem/Eigen/src/Core/arch/CUDA/Complex.h", "C++", 0, 202, 0, 0, 0, 0, 0, 0, 33, 24, 259
"/home/david/Documents/BlackBoxRadarAttacks/FMCW_radar_uhd/src/sensing_subsystem/Eigen/src/Core/arch/Default/BFloat16.h", "C++", 0, 443, 0, 0, 0, 0, 0, 0, 195, 63, 701
"/home/david/Documents/BlackBoxRadarAttacks/FMCW_radar_uhd/src/sensing_subsystem/Eigen/src/Core/arch/Default/ConjHelper.h", "C++", 0, 84, 0, 0, 0, 0, 0, 0, 13, 21, 118
"/home/david/Documents/BlackBoxRadarAttacks/FMCW_radar_uhd/src/sensing_subsystem/Eigen/src/Core/arch/Default/GenericPacketMathFunctions.h", "C++", 0, 917, 0, 0, 0, 0, 0, 0, 560, 173, 1650
"/home/david/Documents/BlackBoxRadarAttacks/FMCW_radar_uhd/src/sensing_subsystem/Eigen/src/Core/arch/Default/GenericPacketMathFunctionsFwd.h", "C++", 0, 54, 0, 0, 0, 0, 0, 0, 34, 23, 111
"/home/david/Documents/BlackBoxRadarAttacks/FMCW_radar_uhd/src/sensing_subsystem/Eigen/src/Core/arch/Default/Half.h", "C++", 0, 700, 0, 0, 0, 0, 0, 0, 139, 104, 943
"/home/david/Documents/BlackBoxRadarAttacks/FMCW_radar_uhd/src/sensing_subsystem/Eigen/src/Core/arch/Default/Settings.h", "C++", 0, 15, 0, 0, 0, 0, 0, 0, 25, 10, 50
"/home/david/Documents/BlackBoxRadarAttacks/FMCW_radar_uhd/src/sensing_subsystem/Eigen/src/Core/arch/Default/TypeCasting.h", "C++", 0, 88, 0, 0, 0, 0, 0, 0, 9, 24, 121
"/home/david/Documents/BlackBoxRadarAttacks/FMCW_radar_uhd/src/sensing_subsystem/Eigen/src/Core/arch/GPU/MathFunctions.h", "C++", 0, 72, 0, 0, 0, 0, 0, 0, 11, 21, 104
"/home/david/Documents/BlackBoxRadarAttacks/FMCW_radar_uhd/src/sensing_subsystem/Eigen/src/Core/arch/GPU/PacketMath.h", "C++", 0, 1461, 0, 0, 0, 0, 0, 0, 28, 197, 1686
"/home/david/Documents/BlackBoxRadarAttacks/FMCW_radar_uhd/src/sensing_subsystem/Eigen/src/Core/arch/GPU/TypeCasting.h", "C++", 0, 54, 0, 0, 0, 0, 0, 0, 10, 17, 81
"/home/david/Documents/BlackBoxRadarAttacks/FMCW_radar_uhd/src/sensing_subsystem/Eigen/src/Core/arch/HIP/hcc/math_constants.h", "C++", 0, 12, 0, 0, 0, 0, 0, 0, 6, 6, 24
"/home/david/Documents/BlackBoxRadarAttacks/FMCW_radar_uhd/src/sensing_subsystem/Eigen/src/Core/arch/MSA/Complex.h", "C++", 0, 491, 0, 0, 0, 0, 0, 0, 28, 130, 649
"/home/david/Documents/BlackBoxRadarAttacks/FMCW_radar_uhd/src/sensing_subsystem/Eigen/src/Core/arch/MSA/MathFunctions.h", "C++", 0, 239, 0, 0, 0, 0, 0, 0, 86, 63, 388
"/home/david/Documents/BlackBoxRadarAttacks/FMCW_radar_uhd/src/sensing_subsystem/Eigen/src/Core/arch/MSA/PacketMath.h", "C++", 0, 941, 0, 0, 0, 0, 0, 0, 48, 245, 1234
"/home/david/Documents/BlackBoxRadarAttacks/FMCW_radar_uhd/src/sensing_subsystem/Eigen/src/Core/arch/NEON/Complex.h", "C++", 0, 433, 0, 0, 0, 0, 0, 0, 62, 90, 585
"/home/david/Documents/BlackBoxRadarAttacks/FMCW_radar_uhd/src/sensing_subsystem/Eigen/src/Core/arch/NEON/GeneralBlockPanelKernel.h", "C++", 0, 140, 0, 0, 0, 0, 0, 0, 13, 31, 184
"/home/david/Documents/BlackBoxRadarAttacks/FMCW_radar_uhd/src/sensing_subsystem/Eigen/src/Core/arch/NEON/MathFunctions.h", "C++", 0, 49, 0, 0, 0, 0, 0, 0, 8, 19, 76
"/home/david/Documents/BlackBoxRadarAttacks/FMCW_radar_uhd/src/sensing_subsystem/Eigen/src/Core/arch/NEON/PacketMath.h", "C++", 0, 4063, 0, 0, 0, 0, 0, 0, 120, 405, 4588
"/home/david/Documents/BlackBoxRadarAttacks/FMCW_radar_uhd/src/sensing_subsystem/Eigen/src/Core/arch/NEON/TypeCasting.h", "C++", 0, 1222, 0, 0, 0, 0, 0, 0, 80, 118, 1420
"/home/david/Documents/BlackBoxRadarAttacks/FMCW_radar_uhd/src/sensing_subsystem/Eigen/src/Core/arch/SSE/Complex.h", "C++", 0, 273, 0, 0, 0, 0, 0, 0, 23, 56, 352
"/home/david/Documents/BlackBoxRadarAttacks/FMCW_radar_uhd/src/sensing_subsystem/Eigen/src/Core/arch/SSE/MathFunctions.h", "C++", 0, 120, 0, 0, 0, 0, 0, 0, 38, 42, 200
"/home/david/Documents/BlackBoxRadarAttacks/FMCW_radar_uhd/src/sensing_subsystem/Eigen/src/Core/arch/SSE/PacketMath.h", "C++", 0, 1204, 0, 0, 0, 0, 0, 0, 131, 171, 1506
"/home/david/Documents/BlackBoxRadarAttacks/FMCW_radar_uhd/src/sensing_subsystem/Eigen/src/Core/arch/SSE/TypeCasting.h", "C++", 0, 106, 0, 0, 0, 0, 0, 0, 11, 26, 143
"/home/david/Documents/BlackBoxRadarAttacks/FMCW_radar_uhd/src/sensing_subsystem/Eigen/src/Core/arch/SVE/MathFunctions.h", "C++", 0, 27, 0, 0, 0, 0, 0, 0, 9, 9, 45
"/home/david/Documents/BlackBoxRadarAttacks/FMCW_radar_uhd/src/sensing_subsystem/Eigen/src/Core/arch/SVE/PacketMath.h", "C++", 0, 603, 0, 0, 0, 0, 0, 0, 35, 115, 753
"/home/david/Documents/BlackBoxRadarAttacks/FMCW_radar_uhd/src/sensing_subsystem/Eigen/src/Core/arch/SVE/TypeCasting.h", "C++", 0, 31, 0, 0, 0, 0, 0, 0, 8, 11, 50
"/home/david/Documents/BlackBoxRadarAttacks/FMCW_radar_uhd/src/sensing_subsystem/Eigen/src/Core/arch/SYCL/InteropHeaders.h", "C++", 0, 181, 0, 0, 0, 0, 0, 0, 28, 24, 233
"/home/david/Documents/BlackBoxRadarAttacks/FMCW_radar_uhd/src/sensing_subsystem/Eigen/src/Core/arch/SYCL/MathFunctions.h", "C++", 0, 219, 0, 0, 0, 0, 0, 0, 30, 53, 302
"/home/david/Documents/BlackBoxRadarAttacks/FMCW_radar_uhd/src/sensing_subsystem/Eigen/src/Core/arch/SYCL/PacketMath.h", "C++", 0, 541, 0, 0, 0, 0, 0, 0, 34, 96, 671
"/home/david/Documents/BlackBoxRadarAttacks/FMCW_radar_uhd/src/sensing_subsystem/Eigen/src/Core/arch/SYCL/SyclMemoryModel.h", "C++", 0, 380, 0, 0, 0, 0, 0, 0, 227, 88, 695
"/home/david/Documents/BlackBoxRadarAttacks/FMCW_radar_uhd/src/sensing_subsystem/Eigen/src/Core/arch/SYCL/TypeCasting.h", "C++", 0, 52, 0, 0, 0, 0, 0, 0, 19, 15, 86
"/home/david/Documents/BlackBoxRadarAttacks/FMCW_radar_uhd/src/sensing_subsystem/Eigen/src/Core/arch/ZVector/Complex.h", "C++", 0, 336, 0, 0, 0, 0, 0, 0, 24, 67, 427
"/home/david/Documents/BlackBoxRadarAttacks/FMCW_radar_uhd/src/sensing_subsystem/Eigen/src/Core/arch/ZVector/MathFunctions.h", "C++", 0, 159, 0, 0, 0, 0, 0, 0, 26, 49, 234
"/home/david/Documents/BlackBoxRadarAttacks/FMCW_radar_uhd/src/sensing_subsystem/Eigen/src/Core/arch/ZVector/PacketMath.h", "C++", 0, 851, 0, 0, 0, 0, 0, 0, 52, 158, 1061
"/home/david/Documents/BlackBoxRadarAttacks/FMCW_radar_uhd/src/sensing_subsystem/Eigen/src/Core/functors/AssignmentFunctors.h", "C++", 0, 103, 0, 0, 0, 0, 0, 0, 49, 26, 178
"/home/david/Documents/BlackBoxRadarAttacks/FMCW_radar_uhd/src/sensing_subsystem/Eigen/src/Core/functors/BinaryFunctors.h", "C++", 0, 388, 0, 0, 0, 0, 0, 0, 92, 62, 542
"/home/david/Documents/BlackBoxRadarAttacks/FMCW_radar_uhd/src/sensing_subsystem/Eigen/src/Core/functors/NullaryFunctors.h", "C++", 0, 140, 0, 0, 0, 0, 0, 0, 22, 28, 190
"/home/david/Documents/BlackBoxRadarAttacks/FMCW_radar_uhd/src/sensing_subsystem/Eigen/src/Core/functors/StlFunctors.h", "C++", 0, 110, 0, 0, 0, 0, 0, 0, 15, 42, 167
"/home/david/Documents/BlackBoxRadarAttacks/FMCW_radar_uhd/src/sensing_subsystem/Eigen/src/Core/functors/TernaryFunctors.h", "C++", 0, 7, 0, 0, 0, 0, 0, 0, 9, 10, 26
"/home/david/Documents/BlackBoxRadarAttacks/FMCW_radar_uhd/src/sensing_subsystem/Eigen/src/Core/functors/UnaryFunctors.h", "C++", 0, 778, 0, 0, 0, 0, 0, 0, 277, 77, 1132
"/home/david/Documents/BlackBoxRadarAttacks/FMCW_radar_uhd/src/sensing_subsystem/Eigen/src/Core/products/GeneralBlockPanelKernel.h", "C++", 0, 1971, 0, 0, 0, 0, 0, 0, 367, 308, 2646
"/home/david/Documents/BlackBoxRadarAttacks/FMCW_radar_uhd/src/sensing_subsystem/Eigen/src/Core/products/GeneralMatrixMatrix.h", "C++", 0, 373, 0, 0, 0, 0, 0, 0, 54, 91, 518
"/home/david/Documents/BlackBoxRadarAttacks/FMCW_radar_uhd/src/sensing_subsystem/Eigen/src/Core/products/GeneralMatrixMatrixTriangular.h", "C++", 0, 221, 0, 0, 0, 0, 0, 0, 38, 59, 318
"/home/david/Documents/BlackBoxRadarAttacks/FMCW_radar_uhd/src/sensing_subsystem/Eigen/src/Core/products/GeneralMatrixMatrixTriangular_BLAS.h", "C++", 0, 90, 0, 0, 0, 0, 0, 0, 40, 16, 146
"/home/david/Documents/BlackBoxRadarAttacks/FMCW_radar_uhd/src/sensing_subsystem/Eigen/src/Core/products/GeneralMatrixMatrix_BLAS.h", "C++", 0, 76, 0, 0, 0, 0, 0, 0, 38, 11, 125
"/home/david/Documents/BlackBoxRadarAttacks/FMCW_radar_uhd/src/sensing_subsystem/Eigen/src/Core/products/GeneralMatrixVector.h", "C++", 0, 423, 0, 0, 0, 0, 0, 0, 40, 56, 519
"/home/david/Documents/BlackBoxRadarAttacks/FMCW_radar_uhd/src/sensing_subsystem/Eigen/src/Core/products/GeneralMatrixVector_BLAS.h", "C++", 0, 85, 0, 0, 0, 0, 0, 0, 38, 14, 137
"/home/david/Documents/BlackBoxRadarAttacks/FMCW_radar_uhd/src/sensing_subsystem/Eigen/src/Core/products/Parallelizer.h", "C++", 0, 108, 0, 0, 0, 0, 0, 0, 40, 33, 181
"/home/david/Documents/BlackBoxRadarAttacks/FMCW_radar_uhd/src/sensing_subsystem/Eigen/src/Core/products/SelfadjointMatrixMatrix.h", "C++", 0, 423, 0, 0, 0, 0, 0, 0, 51, 71, 545
"/home/david/Documents/BlackBoxRadarAttacks/FMCW_radar_uhd/src/sensing_subsystem/Eigen/src/Core/products/SelfadjointMatrixMatrix_BLAS.h", "C++", 0, 246, 0, 0, 0, 0, 0, 0, 33, 17, 296
"/home/david/Documents/BlackBoxRadarAttacks/FMCW_radar_uhd/src/sensing_subsystem/Eigen/src/Core/products/SelfadjointMatrixVector.h", "C++", 0, 196, 0, 0, 0, 0, 0, 0, 19, 48, 263
"/home/david/Documents/BlackBoxRadarAttacks/FMCW_radar_uhd/src/sensing_subsystem/Eigen/src/Core/products/SelfadjointMatrixVector_BLAS.h", "C++", 0, 70, 0, 0, 0, 0, 0, 0, 35, 14, 119
"/home/david/Documents/BlackBoxRadarAttacks/FMCW_radar_uhd/src/sensing_subsystem/Eigen/src/Core/products/SelfadjointProduct.h", "C++", 0, 93, 0, 0, 0, 0, 0, 0, 14, 27, 134
"/home/david/Documents/BlackBoxRadarAttacks/FMCW_radar_uhd/src/sensing_subsystem/Eigen/src/Core/products/SelfadjointRank2Update.h", "C++", 0, 64, 0, 0, 0, 0, 0, 0, 13, 18, 95
"/home/david/Documents/BlackBoxRadarAttacks/FMCW_radar_uhd/src/sensing_subsystem/Eigen/src/Core/products/TriangularMatrixMatrix.h", "C++", 0, 342, 0, 0, 0, 0, 0, 0, 69, 62, 473
"/home/david/Documents/BlackBoxRadarAttacks/FMCW_radar_uhd/src/sensing_subsystem/Eigen/src/Core/products/TriangularMatrixMatrix_BLAS.h", "C++", 0, 269, 0, 0, 0, 0, 0, 0, 34, 15, 318
"/home/david/Documents/BlackBoxRadarAttacks/FMCW_radar_uhd/src/sensing_subsystem/Eigen/src/Core/products/TriangularMatrixVector.h", "C++", 0, 280, 0, 0, 0, 0, 0, 0, 14, 57, 351
"/home/david/Documents/BlackBoxRadarAttacks/FMCW_radar_uhd/src/sensing_subsystem/Eigen/src/Core/products/TriangularMatrixVector_BLAS.h", "C++", 0, 203, 0, 0, 0, 0, 0, 0, 37, 16, 256
"/home/david/Documents/BlackBoxRadarAttacks/FMCW_radar_uhd/src/sensing_subsystem/Eigen/src/Core/products/TriangularSolverMatrix.h", "C++", 0, 250, 0, 0, 0, 0, 0, 0, 40, 48, 338
"/home/david/Documents/BlackBoxRadarAttacks/FMCW_radar_uhd/src/sensing_subsystem/Eigen/src/Core/products/TriangularSolverMatrix_BLAS.h", "C++", 0, 124, 0, 0, 0, 0, 0, 0, 33, 11, 168
"/home/david/Documents/BlackBoxRadarAttacks/FMCW_radar_uhd/src/sensing_subsystem/Eigen/src/Core/products/TriangularSolverVector.h", "C++", 0, 114, 0, 0, 0, 0, 0, 0, 16, 19, 149
"/home/david/Documents/BlackBoxRadarAttacks/FMCW_radar_uhd/src/sensing_subsystem/Eigen/src/Core/util/BlasUtil.h", "C++", 0, 467, 0, 0, 0, 0, 0, 0, 34, 83, 584
"/home/david/Documents/BlackBoxRadarAttacks/FMCW_radar_uhd/src/sensing_subsystem/Eigen/src/Core/util/ConfigureVectorization.h", "C++", 0, 335, 0, 0, 0, 0, 0, 0, 112, 66, 513
"/home/david/Documents/BlackBoxRadarAttacks/FMCW_radar_uhd/src/sensing_subsystem/Eigen/src/Core/util/Constants.h", "C++", 0, 214, 0, 0, 0, 0, 0, 0, 291, 59, 564
"/home/david/Documents/BlackBoxRadarAttacks/FMCW_radar_uhd/src/sensing_subsystem/Eigen/src/Core/util/DisableStupidWarnings.h", "C++", 0, 65, 0, 0, 0, 0, 0, 0, 33, 9, 107
"/home/david/Documents/BlackBoxRadarAttacks/FMCW_radar_uhd/src/sensing_subsystem/Eigen/src/Core/util/ForwardDeclarations.h", "C++", 0, 242, 0, 0, 0, 0, 0, 0, 37, 44, 323
"/home/david/Documents/BlackBoxRadarAttacks/FMCW_radar_uhd/src/sensing_subsystem/Eigen/src/Core/util/IndexedViewHelper.h", "C++", 0, 91, 0, 0, 0, 0, 0, 0, 60, 36, 187
"/home/david/Documents/BlackBoxRadarAttacks/FMCW_radar_uhd/src/sensing_subsystem/Eigen/src/Core/util/IntegralConstant.h", "C++", 0, 103, 0, 0, 0, 0, 0, 0, 136, 34, 273
"/home/david/Documents/BlackBoxRadarAttacks/FMCW_radar_uhd/src/sensing_subsystem/Eigen/src/Core/util/MKL_support.h", "C++", 0, 82, 0, 0, 0, 0, 0, 0, 35, 21, 138
"/home/david/Documents/BlackBoxRadarAttacks/FMCW_radar_uhd/src/sensing_subsystem/Eigen/src/Core/util/Macros.h", "C++", 0, 900, 0, 0, 0, 0, 0, 0, 367, 198, 1465
"/home/david/Documents/BlackBoxRadarAttacks/FMCW_radar_uhd/src/sensing_subsystem/Eigen/src/Core/util/Memory.h", "C++", 0, 802, 0, 0, 0, 0, 0, 0, 224, 138, 1164
"/home/david/Documents/BlackBoxRadarAttacks/FMCW_radar_uhd/src/sensing_subsystem/Eigen/src/Core/util/Meta.h", "C++", 0, 590, 0, 0, 0, 0, 0, 0, 103, 120, 813
"/home/david/Documents/BlackBoxRadarAttacks/FMCW_radar_uhd/src/sensing_subsystem/Eigen/src/Core/util/NonMPL2.h", "C++", 0, 3, 0, 0, 0, 0, 0, 0, 0, 1, 4
"/home/david/Documents/BlackBoxRadarAttacks/FMCW_radar_uhd/src/sensing_subsystem/Eigen/src/Core/util/ReenableStupidWarnings.h", "C++", 0, 18, 0, 0, 0, 0, 0, 0, 8, 6, 32
"/home/david/Documents/BlackBoxRadarAttacks/FMCW_radar_uhd/src/sensing_subsystem/Eigen/src/Core/util/ReshapedHelper.h", "C++", 0, 30, 0, 0, 0, 0, 0, 0, 8, 14, 52
"/home/david/Documents/BlackBoxRadarAttacks/FMCW_radar_uhd/src/sensing_subsystem/Eigen/src/Core/util/StaticAssert.h", "C++", 0, 150, 0, 0, 0, 0, 0, 0, 35, 37, 222
"/home/david/Documents/BlackBoxRadarAttacks/FMCW_radar_uhd/src/sensing_subsystem/Eigen/src/Core/util/SymbolicIndex.h", "C++", 0, 190, 0, 0, 0, 0, 0, 0, 62, 42, 294
"/home/david/Documents/BlackBoxRadarAttacks/FMCW_radar_uhd/src/sensing_subsystem/Eigen/src/Core/util/XprHelper.h", "C++", 0, 573, 0, 0, 0, 0, 0, 0, 165, 119, 857
"/home/david/Documents/BlackBoxRadarAttacks/FMCW_radar_uhd/src/sensing_subsystem/Eigen/src/Eigenvalues/ComplexEigenSolver.h", "C++", 0, 156, 0, 0, 0, 0, 0, 0, 152, 39, 347
"/home/david/Documents/BlackBoxRadarAttacks/FMCW_radar_uhd/src/sensing_subsystem/Eigen/src/Eigenvalues/ComplexSchur.h", "C++", 0, 233, 0, 0, 0, 0, 0, 0, 181, 49, 463
"/home/david/Documents/BlackBoxRadarAttacks/FMCW_radar_uhd/src/sensing_subsystem/Eigen/src/Eigenvalues/ComplexSchur_LAPACKE.h", "C++", 0, 52, 0, 0, 0, 0, 0, 0, 32, 8, 92
"/home/david/Documents/BlackBoxRadarAttacks/FMCW_radar_uhd/src/sensing_subsystem/Eigen/src/Eigenvalues/EigenSolver.h", "C++", 0, 345, 0, 0, 0, 0, 0, 0, 221, 57, 623
"/home/david/Documents/BlackBoxRadarAttacks/FMCW_radar_uhd/src/sensing_subsystem/Eigen/src/Eigenvalues/GeneralizedEigenSolver.h", "C++", 0, 202, 0, 0, 0, 0, 0, 0, 180, 37, 419
"/home/david/Documents/BlackBoxRadarAttacks/FMCW_radar_uhd/src/sensing_subsystem/Eigen/src/Eigenvalues/GeneralizedSelfAdjointEigenSolver.h", "C++", 0, 70, 0, 0, 0, 0, 0, 0, 130, 27, 227
"/home/david/Documents/BlackBoxRadarAttacks/FMCW_radar_uhd/src/sensing_subsystem/Eigen/src/Eigenvalues/HessenbergDecomposition.h", "C++", 0, 138, 0, 0, 0, 0, 0, 0, 202, 35, 375
"/home/david/Documents/BlackBoxRadarAttacks/FMCW_radar_uhd/src/sensing_subsystem/Eigen/src/Eigenvalues/MatrixBaseEigenvalues.h", "C++", 0, 61, 0, 0, 0, 0, 0, 0, 83, 15, 159
"/home/david/Documents/BlackBoxRadarAttacks/FMCW_radar_uhd/src/sensing_subsystem/Eigen/src/Eigenvalues/RealQZ.h", "C++", 0, 435, 0, 0, 0, 0, 0, 0, 162, 61, 658
"/home/david/Documents/BlackBoxRadarAttacks/FMCW_radar_uhd/src/sensing_subsystem/Eigen/src/Eigenvalues/RealSchur.h", "C++", 0, 335, 0, 0, 0, 0, 0, 0, 165, 59, 559
"/home/david/Documents/BlackBoxRadarAttacks/FMCW_radar_uhd/src/sensing_subsystem/Eigen/src/Eigenvalues/RealSchur_LAPACKE.h", "C++", 0, 38, 0, 0, 0, 0, 0, 0, 32, 8, 78
"/home/david/Documents/BlackBoxRadarAttacks/FMCW_radar_uhd/src/sensing_subsystem/Eigen/src/Eigenvalues/SelfAdjointEigenSolver.h", "C++", 0, 476, 0, 0, 0, 0, 0, 0, 333, 96, 905
"/home/david/Documents/BlackBoxRadarAttacks/FMCW_radar_uhd/src/sensing_subsystem/Eigen/src/Eigenvalues/SelfAdjointEigenSolver_LAPACKE.h", "C++", 0, 47, 0, 0, 0, 0, 0, 0, 32, 9, 88
"/home/david/Documents/BlackBoxRadarAttacks/FMCW_radar_uhd/src/sensing_subsystem/Eigen/src/Eigenvalues/Tridiagonalization.h", "C++", 0, 242, 0, 0, 0, 0, 0, 0, 271, 49, 562
"/home/david/Documents/BlackBoxRadarAttacks/FMCW_radar_uhd/src/sensing_subsystem/Eigen/src/Geometry/AlignedBox.h", "C++", 0, 242, 0, 0, 0, 0, 0, 0, 181, 64, 487
"/home/david/Documents/BlackBoxRadarAttacks/FMCW_radar_uhd/src/sensing_subsystem/Eigen/src/Geometry/AngleAxis.h", "C++", 0, 126, 0, 0, 0, 0, 0, 0, 84, 38, 248
"/home/david/Documents/BlackBoxRadarAttacks/FMCW_radar_uhd/src/sensing_subsystem/Eigen/src/Geometry/EulerAngles.h", "C++", 0, 65, 0, 0, 0, 0, 0, 0, 38, 12, 115
"/home/david/Documents/BlackBoxRadarAttacks/FMCW_radar_uhd/src/sensing_subsystem/Eigen/src/Geometry/Homogeneous.h", "C++", 0, 359, 0, 0, 0, 0, 0, 0, 82, 61, 502
"/home/david/Documents/BlackBoxRadarAttacks/FMCW_radar_uhd/src/sensing_subsystem/Eigen/src/Geometry/Hyperplane.h", "C++", 0, 144, 0, 0, 0, 0, 0, 0, 105, 34, 283
"/home/david/Documents/BlackBoxRadarAttacks/FMCW_radar_uhd/src/sensing_subsystem/Eigen/src/Geometry/OrthoMethods.h", "C++", 0, 152, 0, 0, 0, 0, 0, 0, 59, 25, 236
"/home/david/Documents/BlackBoxRadarAttacks/FMCW_radar_uhd/src/sensing_subsystem/Eigen/src/Geometry/ParametrizedLine.h", "C++", 0, 125, 0, 0, 0, 0, 0, 0, 73, 35, 233
"/home/david/Documents/BlackBoxRadarAttacks/FMCW_radar_uhd/src/sensing_subsystem/Eigen/src/Geometry/Quaternion.h", "C++", 0, 475, 0, 0, 0, 0, 0, 0, 272, 124, 871
"/home/david/Documents/BlackBoxRadarAttacks/FMCW_radar_uhd/src/sensing_subsystem/Eigen/src/Geometry/Rotation2D.h", "C++", 0, 94, 0, 0, 0, 0, 0, 0, 69, 37, 200
"/home/david/Documents/BlackBoxRadarAttacks/FMCW_radar_uhd/src/sensing_subsystem/Eigen/src/Geometry/RotationBase.h", "C++", 0, 115, 0, 0, 0, 0, 0, 0, 61, 31, 207
"/home/david/Documents/BlackBoxRadarAttacks/FMCW_radar_uhd/src/sensing_subsystem/Eigen/src/Geometry/Scaling.h", "C++", 0, 93, 0, 0, 0, 0, 0, 0, 66, 30, 189
"/home/david/Documents/BlackBoxRadarAttacks/FMCW_radar_uhd/src/sensing_subsystem/Eigen/src/Geometry/Transform.h", "C++", 0, 950, 0, 0, 0, 0, 0, 0, 448, 166, 1564
"/home/david/Documents/BlackBoxRadarAttacks/FMCW_radar_uhd/src/sensing_subsystem/Eigen/src/Geometry/Translation.h", "C++", 0, 113, 0, 0, 0, 0, 0, 0, 60, 30, 203
"/home/david/Documents/BlackBoxRadarAttacks/FMCW_radar_uhd/src/sensing_subsystem/Eigen/src/Geometry/Umeyama.h", "C++", 0, 67, 0, 0, 0, 0, 0, 0, 69, 31, 167
"/home/david/Documents/BlackBoxRadarAttacks/FMCW_radar_uhd/src/sensing_subsystem/Eigen/src/Geometry/arch/Geometry_SIMD.h", "C++", 0, 124, 0, 0, 0, 0, 0, 0, 20, 25, 169
"/home/david/Documents/BlackBoxRadarAttacks/FMCW_radar_uhd/src/sensing_subsystem/Eigen/src/Householder/BlockHouseholder.h", "C++", 0, 47, 0, 0, 0, 0, 0, 0, 47, 17, 111
"/home/david/Documents/BlackBoxRadarAttacks/FMCW_radar_uhd/src/sensing_subsystem/Eigen/src/Householder/Householder.h", "C++", 0, 94, 0, 0, 0, 0, 0, 0, 70, 13, 177
"/home/david/Documents/BlackBoxRadarAttacks/FMCW_radar_uhd/src/sensing_subsystem/Eigen/src/Householder/HouseholderSequence.h", "C++", 0, 330, 0, 0, 0, 0, 0, 0, 163, 53, 546
"/home/david/Documents/BlackBoxRadarAttacks/FMCW_radar_uhd/src/sensing_subsystem/Eigen/src/IterativeLinearSolvers/BasicPreconditioners.h", "C++", 0, 141, 0, 0, 0, 0, 0, 0, 54, 32, 227
"/home/david/Documents/BlackBoxRadarAttacks/FMCW_radar_uhd/src/sensing_subsystem/Eigen/src/IterativeLinearSolvers/BiCGSTAB.h", "C++", 0, 115, 0, 0, 0, 0, 0, 0, 64, 34, 213
"/home/david/Documents/BlackBoxRadarAttacks/FMCW_radar_uhd/src/sensing_subsystem/Eigen/src/IterativeLinearSolvers/ConjugateGradient.h", "C++", 0, 121, 0, 0, 0, 0, 0, 0, 76, 33, 230
"/home/david/Documents/BlackBoxRadarAttacks/FMCW_radar_uhd/src/sensing_subsystem/Eigen/src/IterativeLinearSolvers/IncompleteCholesky.h", "C++", 0, 250, 0, 0, 0, 0, 0, 0, 101, 44, 395
"/home/david/Documents/BlackBoxRadarAttacks/FMCW_radar_uhd/src/sensing_subsystem/Eigen/src/IterativeLinearSolvers/IncompleteLUT.h", "C++", 0, 293, 0, 0, 0, 0, 0, 0, 105, 56, 454
"/home/david/Documents/BlackBoxRadarAttacks/FMCW_radar_uhd/src/sensing_subsystem/Eigen/src/IterativeLinearSolvers/IterativeSolverBase.h", "C++", 0, 293, 0, 0, 0, 0, 0, 0, 87, 65, 445
"/home/david/Documents/BlackBoxRadarAttacks/FMCW_radar_uhd/src/sensing_subsystem/Eigen/src/IterativeLinearSolvers/LeastSquareConjugateGradient.h", "C++", 0, 103, 0, 0, 0, 0, 0, 0, 66, 30, 199
"/home/david/Documents/BlackBoxRadarAttacks/FMCW_radar_uhd/src/sensing_subsystem/Eigen/src/IterativeLinearSolvers/SolveWithGuess.h", "C++", 0, 71, 0, 0, 0, 0, 0, 0, 23, 24, 118
"/home/david/Documents/BlackBoxRadarAttacks/FMCW_radar_uhd/src/sensing_subsystem/Eigen/src/Jacobi/Jacobi.h", "C++", 0, 344, 0, 0, 0, 0, 0, 0, 89, 51, 484
"/home/david/Documents/BlackBoxRadarAttacks/FMCW_radar_uhd/src/sensing_subsystem/Eigen/src/KLUSupport/KLUSupport.h", "C++", 0, 237, 0, 0, 0, 0, 0, 0, 60, 62, 359
"/home/david/Documents/BlackBoxRadarAttacks/FMCW_radar_uhd/src/sensing_subsystem/Eigen/src/LU/Determinant.h", "C++", 0, 91, 0, 0, 0, 0, 0, 0, 12, 15, 118
"/home/david/Documents/BlackBoxRadarAttacks/FMCW_radar_uhd/src/sensing_subsystem/Eigen/src/LU/FullPivLU.h", "C++", 0, 448, 0, 0, 0, 0, 0, 0, 320, 110, 878
"/home/david/Documents/BlackBoxRadarAttacks/FMCW_radar_uhd/src/sensing_subsystem/Eigen/src/LU/InverseImpl.h", "C++", 0, 304, 0, 0, 0, 0, 0, 0, 89, 40, 433
"/home/david/Documents/BlackBoxRadarAttacks/FMCW_radar_uhd/src/sensing_subsystem/Eigen/src/LU/PartialPivLU.h", "C++", 0, 336, 0, 0, 0, 0, 0, 0, 207, 82, 625
"/home/david/Documents/BlackBoxRadarAttacks/FMCW_radar_uhd/src/sensing_subsystem/Eigen/src/LU/PartialPivLU_LAPACKE.h", "C++", 0, 42, 0, 0, 0, 0, 0, 0, 32, 10, 84
"/home/david/Documents/BlackBoxRadarAttacks/FMCW_radar_uhd/src/sensing_subsystem/Eigen/src/LU/arch/InverseSize4.h", "C++", 0, 231, 0, 0, 0, 0, 0, 0, 65, 56, 352
"/home/david/Documents/BlackBoxRadarAttacks/FMCW_radar_uhd/src/sensing_subsystem/Eigen/src/MetisSupport/MetisSupport.h", "C++", 0, 94, 0, 0, 0, 0, 0, 0, 31, 13, 138
"/home/david/Documents/BlackBoxRadarAttacks/FMCW_radar_uhd/src/sensing_subsystem/Eigen/src/OrderingMethods/Amd.h", "C++", 0, 365, 0, 0, 0, 0, 0, 0, 40, 31, 436
"/home/david/Documents/BlackBoxRadarAttacks/FMCW_radar_uhd/src/sensing_subsystem/Eigen/src/OrderingMethods/Eigen_Colamd.h", "C++", 0, 1087, 0, 0, 0, 0, 0, 0, 481, 296, 1864
"/home/david/Documents/BlackBoxRadarAttacks/FMCW_radar_uhd/src/sensing_subsystem/Eigen/src/OrderingMethods/Ordering.h", "C++", 0, 77, 0, 0, 0, 0, 0, 0, 54, 23, 154
"/home/david/Documents/BlackBoxRadarAttacks/FMCW_radar_uhd/src/sensing_subsystem/Eigen/src/PaStiXSupport/PaStiXSupport.h", "C++", 0, 440, 0, 0, 0, 0, 0, 0, 151, 88, 679
"/home/david/Documents/BlackBoxRadarAttacks/FMCW_radar_uhd/src/sensing_subsystem/Eigen/src/PardisoSupport/PardisoSupport.h", "C++", 0, 354, 0, 0, 0, 0, 0, 0, 121, 71, 546
"/home/david/Documents/BlackBoxRadarAttacks/FMCW_radar_uhd/src/sensing_subsystem/Eigen/src/QR/ColPivHouseholderQR.h", "C++", 0, 357, 0, 0, 0, 0, 0, 0, 232, 86, 675
"/home/david/Documents/BlackBoxRadarAttacks/FMCW_radar_uhd/src/sensing_subsystem/Eigen/src/QR/ColPivHouseholderQR_LAPACKE.h", "C++", 0, 56, 0, 0, 0, 0, 0, 0, 33, 9, 98
"/home/david/Documents/BlackBoxRadarAttacks/FMCW_radar_uhd/src/sensing_subsystem/Eigen/src/QR/CompleteOrthogonalDecomposition.h", "C++", 0, 302, 0, 0, 0, 0, 0, 0, 261, 73, 636
"/home/david/Documents/BlackBoxRadarAttacks/FMCW_radar_uhd/src/sensing_subsystem/Eigen/src/QR/FullPivHouseholderQR.h", "C++", 0, 407, 0, 0, 0, 0, 0, 0, 216, 91, 714
"/home/david/Documents/BlackBoxRadarAttacks/FMCW_radar_uhd/src/sensing_subsystem/Eigen/src/QR/HouseholderQR.h", "C++", 0, 227, 0, 0, 0, 0, 0, 0, 143, 65, 435
"/home/david/Documents/BlackBoxRadarAttacks/FMCW_radar_uhd/src/sensing_subsystem/Eigen/src/QR/HouseholderQR_LAPACKE.h", "C++", 0, 26, 0, 0, 0, 0, 0, 0, 33, 10, 69
"/home/david/Documents/BlackBoxRadarAttacks/FMCW_radar_uhd/src/sensing_subsystem/Eigen/src/SPQRSupport/SuiteSparseQRSupport.h", "C++", 0, 239, 0, 0, 0, 0, 0, 0, 69, 28, 336
"/home/david/Documents/BlackBoxRadarAttacks/FMCW_radar_uhd/src/sensing_subsystem/Eigen/src/SVD/BDCSVD.h", "C++", 0, 998, 0, 0, 0, 0, 0, 0, 222, 147, 1367
"/home/david/Documents/BlackBoxRadarAttacks/FMCW_radar_uhd/src/sensing_subsystem/Eigen/src/SVD/JacobiSVD.h", "C++", 0, 581, 0, 0, 0, 0, 0, 0, 146, 86, 813
"/home/david/Documents/BlackBoxRadarAttacks/FMCW_radar_uhd/src/sensing_subsystem/Eigen/src/SVD/JacobiSVD_LAPACKE.h", "C++", 0, 51, 0, 0, 0, 0, 0, 0, 32, 9, 92
"/home/david/Documents/BlackBoxRadarAttacks/FMCW_radar_uhd/src/sensing_subsystem/Eigen/src/SVD/SVDBase.h", "C++", 0, 207, 0, 0, 0, 0, 0, 0, 126, 44, 377
"/home/david/Documents/BlackBoxRadarAttacks/FMCW_radar_uhd/src/sensing_subsystem/Eigen/src/SVD/UpperBidiagonalization.h", "C++", 0, 269, 0, 0, 0, 0, 0, 0, 84, 62, 415
"/home/david/Documents/BlackBoxRadarAttacks/FMCW_radar_uhd/src/sensing_subsystem/Eigen/src/SparseCholesky/SimplicialCholesky.h", "C++", 0, 466, 0, 0, 0, 0, 0, 0, 145, 87, 698
"/home/david/Documents/BlackBoxRadarAttacks/FMCW_radar_uhd/src/sensing_subsystem/Eigen/src/SparseCholesky/SimplicialCholesky_impl.h", "C++", 0, 127, 0, 0, 0, 0, 0, 0, 24, 24, 175
"/home/david/Documents/BlackBoxRadarAttacks/FMCW_radar_uhd/src/sensing_subsystem/Eigen/src/SparseCore/AmbiVector.h", "C++", 0, 300, 0, 0, 0, 0, 0, 0, 40, 39, 379
"/home/david/Documents/BlackBoxRadarAttacks/FMCW_radar_uhd/src/sensing_subsystem/Eigen/src/SparseCore/CompressedStorage.h", "C++", 0, 209, 0, 0, 0, 0, 0, 0, 27, 39, 275
"/home/david/Documents/BlackBoxRadarAttacks/FMCW_radar_uhd/src/sensing_subsystem/Eigen/src/SparseCore/ConservativeSparseSparseProduct.h", "C++", 0, 275, 0, 0, 0, 0, 0, 0, 31, 47, 353
"/home/david/Documents/BlackBoxRadarAttacks/FMCW_radar_uhd/src/sensing_subsystem/Eigen/src/SparseCore/MappedSparseMatrix.h", "C++", 0, 34, 0, 0, 0, 0, 0, 0, 19, 15, 68
"/home/david/Documents/BlackBoxRadarAttacks/FMCW_radar_uhd/src/sensing_subsystem/Eigen/src/SparseCore/SparseAssign.h", "C++", 0, 204, 0, 0, 0, 0, 0, 0, 21, 46, 271
"/home/david/Documents/BlackBoxRadarAttacks/FMCW_radar_uhd/src/sensing_subsystem/Eigen/src/SparseCore/SparseBlock.h", "C++", 0, 427, 0, 0, 0, 0, 0, 0, 42, 103, 572
"/home/david/Documents/BlackBoxRadarAttacks/FMCW_radar_uhd/src/sensing_subsystem/Eigen/src/SparseCore/SparseColEtree.h", "C++", 0, 123, 0, 0, 0, 0, 0, 0, 64, 20, 207
"/home/david/Documents/BlackBoxRadarAttacks/FMCW_radar_uhd/src/sensing_subsystem/Eigen/src/SparseCore/SparseCompressedBase.h", "C++", 0, 242, 0, 0, 0, 0, 0, 0, 68, 61, 371
"/home/david/Documents/BlackBoxRadarAttacks/FMCW_radar_uhd/src/sensing_subsystem/Eigen/src/SparseCore/SparseCwiseBinaryOp.h", "C++", 0, 571, 0, 0, 0, 0, 0, 0, 43, 109, 723
"/home/david/Documents/BlackBoxRadarAttacks/FMCW_radar_uhd/src/sensing_subsystem/Eigen/src/SparseCore/SparseCwiseUnaryOp.h", "C++", 0, 111, 0, 0, 0, 0, 0, 0, 8, 32, 151
"/home/david/Documents/BlackBoxRadarAttacks/FMCW_radar_uhd/src/sensing_subsystem/Eigen/src/SparseCore/SparseDenseProduct.h", "C++", 0, 264, 0, 0, 0, 0, 0, 0, 28, 51, 343
"/home/david/Documents/BlackBoxRadarAttacks/FMCW_radar_uhd/src/sensing_subsystem/Eigen/src/SparseCore/SparseDiagonalProduct.h", "C++", 0, 90, 0, 0, 0, 0, 0, 0, 19, 30, 139
"/home/david/Documents/BlackBoxRadarAttacks/FMCW_radar_uhd/src/sensing_subsystem/Eigen/src/SparseCore/SparseDot.h", "C++", 0, 76, 0, 0, 0, 0, 0, 0, 8, 15, 99
"/home/david/Documents/BlackBoxRadarAttacks/FMCW_radar_uhd/src/sensing_subsystem/Eigen/src/SparseCore/SparseFuzzy.h", "C++", 0, 15, 0, 0, 0, 0, 0, 0, 8, 7, 30
"/home/david/Documents/BlackBoxRadarAttacks/FMCW_radar_uhd/src/sensing_subsystem/Eigen/src/SparseCore/SparseMap.h", "C++", 0, 194, 0, 0, 0, 0, 0, 0, 67, 45, 306
"/home/david/Documents/BlackBoxRadarAttacks/FMCW_radar_uhd/src/sensing_subsystem/Eigen/src/SparseCore/SparseMatrix.h", "C++", 0, 1028, 0, 0, 0, 0, 0, 0, 329, 162, 1519
"/home/david/Documents/BlackBoxRadarAttacks/FMCW_radar_uhd/src/sensing_subsystem/Eigen/src/SparseCore/SparseMatrixBase.h", "C++", 0, 241, 0, 0, 0, 0, 0, 0, 81, 77, 399
"/home/david/Documents/BlackBoxRadarAttacks/FMCW_radar_uhd/src/sensing_subsystem/Eigen/src/SparseCore/SparsePermutation.h", "C++", 0, 128, 0, 0, 0, 0, 0, 0, 20, 31, 179
"/home/david/Documents/BlackBoxRadarAttacks/FMCW_radar_uhd/src/sensing_subsystem/Eigen/src/SparseCore/SparseProduct.h", "C++", 0, 126, 0, 0, 0, 0, 0, 0, 31, 25, 182
"/home/david/Documents/BlackBoxRadarAttacks/FMCW_radar_uhd/src/sensing_subsystem/Eigen/src/SparseCore/SparseRedux.h", "C++", 0, 34, 0, 0, 0, 0, 0, 0, 8, 8, 50
"/home/david/Documents/BlackBoxRadarAttacks/FMCW_radar_uhd/src/sensing_subsystem/Eigen/src/SparseCore/SparseRef.h", "C++", 0, 300, 0, 0, 0, 0, 0, 0, 35, 63, 398
"/home/david/Documents/BlackBoxRadarAttacks/FMCW_radar_uhd/src/sensing_subsystem/Eigen/src/SparseCore/SparseSelfAdjointView.h", "C++", 0, 482, 0, 0, 0, 0, 0, 0, 77, 101, 660
"/home/david/Documents/BlackBoxRadarAttacks/FMCW_radar_uhd/src/sensing_subsystem/Eigen/src/SparseCore/SparseSolverBase.h", "C++", 0, 75, 0, 0, 0, 0, 0, 0, 32, 18, 125
"/home/david/Documents/BlackBoxRadarAttacks/FMCW_radar_uhd/src/sensing_subsystem/Eigen/src/SparseCore/SparseSparseProductWithPruning.h", "C++", 0, 141, 0, 0, 0, 0, 0, 0, 31, 27, 199
"/home/david/Documents/BlackBoxRadarAttacks/FMCW_radar_uhd/src/sensing_subsystem/Eigen/src/SparseCore/SparseTranspose.h", "C++", 0, 65, 0, 0, 0, 0, 0, 0, 8, 20, 93
"/home/david/Documents/BlackBoxRadarAttacks/FMCW_radar_uhd/src/sensing_subsystem/Eigen/src/SparseCore/SparseTriangularView.h", "C++", 0, 134, 0, 0, 0, 0, 0, 0, 23, 33, 190
"/home/david/Documents/BlackBoxRadarAttacks/FMCW_radar_uhd/src/sensing_subsystem/Eigen/src/SparseCore/SparseUtil.h", "C++", 0, 128, 0, 0, 0, 0, 0, 0, 21, 38, 187
"/home/david/Documents/BlackBoxRadarAttacks/FMCW_radar_uhd/src/sensing_subsystem/Eigen/src/SparseCore/SparseVector.h", "C++", 0, 332, 0, 0, 0, 0, 0, 0, 68, 79, 479
"/home/david/Documents/BlackBoxRadarAttacks/FMCW_radar_uhd/src/sensing_subsystem/Eigen/src/SparseCore/SparseView.h", "C++", 0, 157, 0, 0, 0, 0, 0, 0, 56, 42, 255
"/home/david/Documents/BlackBoxRadarAttacks/FMCW_radar_uhd/src/sensing_subsystem/Eigen/src/SparseCore/TriangularSolver.h", "C++", 0, 254, 0, 0, 0, 0, 0, 0, 28, 34, 316
"/home/david/Documents/BlackBoxRadarAttacks/FMCW_radar_uhd/src/sensing_subsystem/Eigen/src/SparseLU/SparseLU.h", "C++", 0, 569, 0, 0, 0, 0, 0, 0, 251, 104, 924
"/home/david/Documents/BlackBoxRadarAttacks/FMCW_radar_uhd/src/sensing_subsystem/Eigen/src/SparseLU/SparseLUImpl.h", "C++", 0, 47, 0, 0, 0, 0, 0, 0, 12, 8, 67
"/home/david/Documents/BlackBoxRadarAttacks/FMCW_radar_uhd/src/sensing_subsystem/Eigen/src/SparseLU/SparseLU_Memory.h", "C++", 0, 132, 0, 0, 0, 0, 0, 0, 68, 27, 227
"/home/david/Documents/BlackBoxRadarAttacks/FMCW_radar_uhd/src/sensing_subsystem/Eigen/src/SparseLU/SparseLU_Structs.h", "C++", 0, 34, 0, 0, 0, 0, 0, 0, 69, 8, 111
"/home/david/Documents/BlackBoxRadarAttacks/FMCW_radar_uhd/src/sensing_subsystem/Eigen/src/SparseLU/SparseLU_SupernodalMatrix.h", "C++", 0, 249, 0, 0, 0, 0, 0, 0, 78, 49, 376
"/home/david/Documents/BlackBoxRadarAttacks/FMCW_radar_uhd/src/sensing_subsystem/Eigen/src/SparseLU/SparseLU_Utils.h", "C++", 0, 49, 0, 0, 0, 0, 0, 0, 20, 12, 81
"/home/david/Documents/BlackBoxRadarAttacks/FMCW_radar_uhd/src/sensing_subsystem/Eigen/src/SparseLU/SparseLU_column_bmod.h", "C++", 0, 89, 0, 0, 0, 0, 0, 0, 70, 23, 182
"/home/david/Documents/BlackBoxRadarAttacks/FMCW_radar_uhd/src/sensing_subsystem/Eigen/src/SparseLU/SparseLU_column_dfs.h", "C++", 0, 88, 0, 0, 0, 0, 0, 0, 67, 25, 180
"/home/david/Documents/BlackBoxRadarAttacks/FMCW_radar_uhd/src/sensing_subsystem/Eigen/src/SparseLU/SparseLU_copy_to_ucol.h", "C++", 0, 53, 0, 0, 0, 0, 0, 0, 43, 12, 108
"/home/david/Documents/BlackBoxRadarAttacks/FMCW_radar_uhd/src/sensing_subsystem/Eigen/src/SparseLU/SparseLU_gemm_kernel.h", "C++", 0, 216, 0, 0, 0, 0, 0, 0, 29, 36, 281
"/home/david/Documents/BlackBoxRadarAttacks/FMCW_radar_uhd/src/sensing_subsystem/Eigen/src/SparseLU/SparseLU_heap_relax_snode.h", "C++", 0, 72, 0, 0, 0, 0, 0, 0, 44, 11, 127
"/home/david/Documents/BlackBoxRadarAttacks/FMCW_radar_uhd/src/sensing_subsystem/Eigen/src/SparseLU/SparseLU_kernel_bmod.h", "C++", 0, 86, 0, 0, 0, 0, 0, 0, 30, 15, 131
"/home/david/Documents/BlackBoxRadarAttacks/FMCW_radar_uhd/src/sensing_subsystem/Eigen/src/SparseLU/SparseLU_panel_bmod.h", "C++", 0, 132, 0, 0, 0, 0, 0, 0, 62, 30, 224
"/home/david/Documents/BlackBoxRadarAttacks/FMCW_radar_uhd/src/sensing_subsystem/Eigen/src/SparseLU/SparseLU_panel_dfs.h", "C++", 0, 137, 0, 0, 0, 0, 0, 0, 86, 36, 259
"/home/david/Documents/BlackBoxRadarAttacks/FMCW_radar_uhd/src/sensing_subsystem/Eigen/src/SparseLU/SparseLU_pivotL.h", "C++", 0, 63, 0, 0, 0, 0, 0, 0, 62, 13, 138
"/home/david/Documents/BlackBoxRadarAttacks/FMCW_radar_uhd/src/sensing_subsystem/Eigen/src/SparseLU/SparseLU_pruneL.h", "C++", 0, 66, 0, 0, 0, 0, 0, 0, 58, 13, 137
"/home/david/Documents/BlackBoxRadarAttacks/FMCW_radar_uhd/src/sensing_subsystem/Eigen/src/SparseLU/SparseLU_relax_snode.h", "C++", 0, 34, 0, 0, 0, 0, 0, 0, 40, 10, 84
"/home/david/Documents/BlackBoxRadarAttacks/FMCW_radar_uhd/src/sensing_subsystem/Eigen/src/SparseQR/SparseQR.h", "C++", 0, 479, 0, 0, 0, 0, 0, 0, 195, 85, 759
"/home/david/Documents/BlackBoxRadarAttacks/FMCW_radar_uhd/src/sensing_subsystem/Eigen/src/StlSupport/StdDeque.h", "C++", 0, 88, 0, 0, 0, 0, 0, 0, 17, 12, 117
"/home/david/Documents/BlackBoxRadarAttacks/FMCW_radar_uhd/src/sensing_subsystem/Eigen/src/StlSupport/StdList.h", "C++", 0, 79, 0, 0, 0, 0, 0, 0, 15, 13, 107
"/home/david/Documents/BlackBoxRadarAttacks/FMCW_radar_uhd/src/sensing_subsystem/Eigen/src/StlSupport/StdVector.h", "C++", 0, 99, 0, 0, 0, 0, 0, 0, 21, 12, 132
"/home/david/Documents/BlackBoxRadarAttacks/FMCW_radar_uhd/src/sensing_subsystem/Eigen/src/StlSupport/details.h", "C++", 0, 57, 0, 0, 0, 0, 0, 0, 13, 15, 85
"/home/david/Documents/BlackBoxRadarAttacks/FMCW_radar_uhd/src/sensing_subsystem/Eigen/src/SuperLUSupport/SuperLUSupport.h", "C++", 0, 750, 0, 0, 0, 0, 0, 0, 117, 159, 1026
"/home/david/Documents/BlackBoxRadarAttacks/FMCW_radar_uhd/src/sensing_subsystem/Eigen/src/UmfPackSupport/UmfPackSupport.h", "C++", 0, 439, 0, 0, 0, 0, 0, 0, 94, 110, 643
"/home/david/Documents/BlackBoxRadarAttacks/FMCW_radar_uhd/src/sensing_subsystem/Eigen/src/misc/Image.h", "C++", 0, 57, 0, 0, 0, 0, 0, 0, 12, 14, 83
"/home/david/Documents/BlackBoxRadarAttacks/FMCW_radar_uhd/src/sensing_subsystem/Eigen/src/misc/Kernel.h", "C++", 0, 52, 0, 0, 0, 0, 0, 0, 14, 14, 80
"/home/david/Documents/BlackBoxRadarAttacks/FMCW_radar_uhd/src/sensing_subsystem/Eigen/src/misc/RealSvd2x2.h", "C++", 0, 36, 0, 0, 0, 0, 0, 0, 11, 9, 56
"/home/david/Documents/BlackBoxRadarAttacks/FMCW_radar_uhd/src/sensing_subsystem/Eigen/src/misc/blas.h", "C++", 0, 370, 0, 0, 0, 0, 0, 0, 2, 69, 441
"/home/david/Documents/BlackBoxRadarAttacks/FMCW_radar_uhd/src/sensing_subsystem/Eigen/src/misc/lapack.h", "C++", 0, 128, 0, 0, 0, 0, 0, 0, 0, 25, 153
"/home/david/Documents/BlackBoxRadarAttacks/FMCW_radar_uhd/src/sensing_subsystem/Eigen/src/misc/lapacke.h", "C++", 0, 15567, 0, 0, 0, 0, 0, 0, 64, 662, 16293
"/home/david/Documents/BlackBoxRadarAttacks/FMCW_radar_uhd/src/sensing_subsystem/Eigen/src/misc/lapacke_mangling.h", "C++", 0, 14, 0, 0, 0, 0, 0, 0, 0, 4, 18
"/home/david/Documents/BlackBoxRadarAttacks/FMCW_radar_uhd/src/sensing_subsystem/Eigen/src/plugins/ArrayCwiseBinaryOps.h", "C++", 0, 147, 0, 0, 0, 0, 0, 0, 181, 31, 359
"/home/david/Documents/BlackBoxRadarAttacks/FMCW_radar_uhd/src/sensing_subsystem/Eigen/src/plugins/ArrayCwiseUnaryOps.h", "C++", 0, 313, 0, 0, 0, 0, 0, 0, 329, 55, 697
"/home/david/Documents/BlackBoxRadarAttacks/FMCW_radar_uhd/src/sensing_subsystem/Eigen/src/plugins/BlockMethods.h", "C++", 0, 697, 0, 0, 0, 0, 0, 0, 637, 109, 1443
"/home/david/Documents/BlackBoxRadarAttacks/FMCW_radar_uhd/src/sensing_subsystem/Eigen/src/plugins/CommonCwiseBinaryOps.h", "C++", 0, 41, 0, 0, 0, 0, 0, 0, 63, 12, 116
"/home/david/Documents/BlackBoxRadarAttacks/FMCW_radar_uhd/src/sensing_subsystem/Eigen/src/plugins/CommonCwiseUnaryOps.h", "C++", 0, 78, 0, 0, 0, 0, 0, 0, 82, 18, 178
"/home/david/Documents/BlackBoxRadarAttacks/FMCW_radar_uhd/src/sensing_subsystem/Eigen/src/plugins/IndexedViewMethods.h", "C++", 0, 167, 0, 0, 0, 0, 0, 0, 53, 43, 263
"/home/david/Documents/BlackBoxRadarAttacks/FMCW_radar_uhd/src/sensing_subsystem/Eigen/src/plugins/MatrixCwiseBinaryOps.h", "C++", 0, 61, 0, 0, 0, 0, 0, 0, 79, 13, 153
"/home/david/Documents/BlackBoxRadarAttacks/FMCW_radar_uhd/src/sensing_subsystem/Eigen/src/plugins/MatrixCwiseUnaryOps.h", "C++", 0, 30, 0, 0, 0, 0, 0, 0, 54, 12, 96
"/home/david/Documents/BlackBoxRadarAttacks/FMCW_radar_uhd/src/sensing_subsystem/Eigen/src/plugins/ReshapedMethods.h", "C++", 0, 79, 0, 0, 0, 0, 0, 0, 51, 20, 150
"/home/david/Documents/BlackBoxRadarAttacks/FMCW_radar_uhd/src/sensing_subsystem/EnergyDetector.cpp", "C++", 0, 1, 0, 0, 0, 0, 0, 0, 6, 1, 8
"/home/david/Documents/BlackBoxRadarAttacks/FMCW_radar_uhd/src/sensing_subsystem/EnergyDetector.hpp", "C++", 0, 217, 0, 0, 0, 0, 0, 0, 116, 68, 401
"/home/david/Documents/BlackBoxRadarAttacks/FMCW_radar_uhd/src/sensing_subsystem/SensingSubsystem.cpp", "C++", 0, 1, 0, 0, 0, 0, 0, 0, 6, 1, 8
"/home/david/Documents/BlackBoxRadarAttacks/FMCW_radar_uhd/src/sensing_subsystem/SensingSubsystem.hpp", "C++", 0, 228, 0, 0, 0, 0, 0, 0, 99, 65, 392
"/home/david/Documents/BlackBoxRadarAttacks/FMCW_radar_uhd/src/sensing_subsystem/SpectrogramHandler.cpp", "C++", 0, 1, 0, 0, 0, 0, 0, 0, 6, 1, 8
"/home/david/Documents/BlackBoxRadarAttacks/FMCW_radar_uhd/src/sensing_subsystem/SpectrogramHandler.hpp", "C++", 0, 801, 0, 0, 0, 0, 0, 0, 350, 240, 1391
"/home/david/Documents/BlackBoxRadarAttacks/FMCW_radar_uhd/src/sensing_subsystem/pocketfft/LICENSE.md", "Markdown", 0, 0, 22, 0, 0, 0, 0, 0, 0, 4, 26
"/home/david/Documents/BlackBoxRadarAttacks/FMCW_radar_uhd/src/sensing_subsystem/pocketfft/README.md", "Markdown", 0, 0, 198, 0, 0, 0, 0, 0, 0, 49, 247
"/home/david/Documents/BlackBoxRadarAttacks/FMCW_radar_uhd/src/sensing_subsystem/pocketfft/pocketfft_demo.cc", "C++", 0, 76, 0, 0, 0, 0, 0, 0, 4, 8, 88
"/home/david/Documents/BlackBoxRadarAttacks/FMCW_radar_uhd/src/sensing_subsystem/pocketfft/pocketfft_hdronly.h", "C++", 0, 3182, 0, 0, 0, 0, 0, 0, 105, 297, 3584
"Total", "-", 9736, 113850, 226, 480, 740, 537, 610, 720, 28096, 19973, 174968