"filename", "language", "JSON", "C++", "Markdown", "CMake", "Log", "C", "CMake Cache", "XML", "comment", "blank", "total"
"/home/david/Documents/BlackBoxRadarAttacks/FMCW_radar_uhd/Config_FMCW.json", "JSON", -10, 0, 0, 0, 0, 0, 0, 0, 0, 0, -10
"/home/david/Documents/BlackBoxRadarAttacks/FMCW_radar_uhd/Config_uhd.json", "JSON", -52, 0, 0, 0, 0, 0, 0, 0, 0, 0, -52
"/home/david/Documents/BlackBoxRadarAttacks/FMCW_radar_uhd/Config_uhd_100MHz.json", "JSON", -52, 0, 0, 0, 0, 0, 0, 0, 0, 0, -52
"/home/david/Documents/BlackBoxRadarAttacks/FMCW_radar_uhd/Config_uhd_attack.json", "JSON", -77, 0, 0, 0, 0, 0, 0, 0, 0, 0, -77
"/home/david/Documents/BlackBoxRadarAttacks/FMCW_radar_uhd/Config_uhd_attack_100MHz.json", "JSON", -64, 0, 0, 0, 0, 0, 0, 0, 0, 0, -64
"/home/david/Documents/BlackBoxRadarAttacks/FMCW_radar_uhd/Config_uhd_attack_200us_to_400us.json", "JSON", -90, 0, 0, 0, 0, 0, 0, 0, 0, 0, -90
"/home/david/Documents/BlackBoxRadarAttacks/FMCW_radar_uhd/Config_uhd_attack_400us_to_500us.json", "JSON", -94, 0, 0, 0, 0, 0, 0, 0, 0, 0, -94
"/home/david/Documents/BlackBoxRadarAttacks/FMCW_radar_uhd/Config_uhd_attack_50us_to_200us.json", "JSON", -90, 0, 0, 0, 0, 0, 0, 0, 0, 0, -90
"/home/david/Documents/BlackBoxRadarAttacks/FMCW_radar_uhd/Config_uhd_victim_200us_to_400us.json", "JSON", -56, 0, 0, 0, 0, 0, 0, 0, 0, 0, -56
"/home/david/Documents/BlackBoxRadarAttacks/FMCW_radar_uhd/Config_uhd_victim_400us_to_500us.json", "JSON", -56, 0, 0, 0, 0, 0, 0, 0, 0, 0, -56
"/home/david/Documents/BlackBoxRadarAttacks/FMCW_radar_uhd/Config_uhd_victim_50us_to_200us.json", "JSON", -56, 0, 0, 0, 0, 0, 0, 0, 0, 0, -56
"/home/david/Documents/BlackBoxRadarAttacks/FMCW_radar_uhd/Config_uhd_victim_UWB.json", "JSON", -52, 0, 0, 0, 0, 0, 0, 0, 0, 0, -52
"/home/david/Documents/BlackBoxRadarAttacks/FMCW_radar_uhd/README.md", "Markdown", 0, 0, -6, 0, 0, 0, 0, 0, 0, -3, -9
"/home/david/Documents/BlackBoxRadarAttacks/FMCW_radar_uhd/build/.cmake/api/v1/query/client-vscode/query.json", "JSON", -1, 0, 0, 0, 0, 0, 0, 0, 0, 0, -1
"/home/david/Documents/BlackBoxRadarAttacks/FMCW_radar_uhd/build/.cmake/api/v1/reply/cache-v2-e00be2bca3093717870c.json", "JSON", -2635, 0, 0, 0, 0, 0, 0, 0, 0, -1, -2636
"/home/david/Documents/BlackBoxRadarAttacks/FMCW_radar_uhd/build/.cmake/api/v1/reply/cmakeFiles-v1-00602bca41773f81cae4.json", "JSON", -813, 0, 0, 0, 0, 0, 0, 0, 0, -1, -814
"/home/david/Documents/BlackBoxRadarAttacks/FMCW_radar_uhd/build/.cmake/api/v1/reply/codemodel-v2-c4438c2040acff6853c6.json", "JSON", -465, 0, 0, 0, 0, 0, 0, 0, 0, -1, -466
"/home/david/Documents/BlackBoxRadarAttacks/FMCW_radar_uhd/build/.cmake/api/v1/reply/directory-.-Debug-f5ebdc15457944623624.json", "JSON", -14, 0, 0, 0, 0, 0, 0, 0, 0, -1, -15
"/home/david/Documents/BlackBoxRadarAttacks/FMCW_radar_uhd/build/.cmake/api/v1/reply/directory-src-Debug-b6cf2213fc5053b67c22.json", "JSON", -14, 0, 0, 0, 0, 0, 0, 0, 0, -1, -15
"/home/david/Documents/BlackBoxRadarAttacks/FMCW_radar_uhd/build/.cmake/api/v1/reply/directory-src.attacking_subsystem-Debug-6dde70d26dcf4a33e6be.json", "JSON", -14, 0, 0, 0, 0, 0, 0, 0, 0, -1, -15
"/home/david/Documents/BlackBoxRadarAttacks/FMCW_radar_uhd/build/.cmake/api/v1/reply/directory-src.sensing_subsystem-Debug-35673dfd189aa3ac0d92.json", "JSON", -14, 0, 0, 0, 0, 0, 0, 0, 0, -1, -15
"/home/david/Documents/BlackBoxRadarAttacks/FMCW_radar_uhd/build/.cmake/api/v1/reply/index-2023-06-28T12-58-49-0444.json", "JSON", -132, 0, 0, 0, 0, 0, 0, 0, 0, -1, -133
"/home/david/Documents/BlackBoxRadarAttacks/FMCW_radar_uhd/build/.cmake/api/v1/reply/target-ATTACKER-Debug-2a610ea8ca294f73143e.json", "JSON", -176, 0, 0, 0, 0, 0, 0, 0, 0, -1, -177
"/home/david/Documents/BlackBoxRadarAttacks/FMCW_radar_uhd/build/.cmake/api/v1/reply/target-AttackingSubsystem-Debug-78983a335f7e9c86c460.json", "JSON", -168, 0, 0, 0, 0, 0, 0, 0, 0, -1, -169
"/home/david/Documents/BlackBoxRadarAttacks/FMCW_radar_uhd/build/.cmake/api/v1/reply/target-BufferHandler-Debug-9065ac9c589d695e6af7.json", "JSON", -145, 0, 0, 0, 0, 0, 0, 0, 0, -1, -146
"/home/david/Documents/BlackBoxRadarAttacks/FMCW_radar_uhd/build/.cmake/api/v1/reply/target-Continuous-Debug-a8de1fb9b8cfff0ea82a.json", "JSON", -93, 0, 0, 0, 0, 0, 0, 0, 0, -1, -94
"/home/david/Documents/BlackBoxRadarAttacks/FMCW_radar_uhd/build/.cmake/api/v1/reply/target-ContinuousBuild-Debug-d740f3a3d06cc8193253.json", "JSON", -93, 0, 0, 0, 0, 0, 0, 0, 0, -1, -94
"/home/david/Documents/BlackBoxRadarAttacks/FMCW_radar_uhd/build/.cmake/api/v1/reply/target-ContinuousConfigure-Debug-32578221f6611cb8facb.json", "JSON", -93, 0, 0, 0, 0, 0, 0, 0, 0, -1, -94
"/home/david/Documents/BlackBoxRadarAttacks/FMCW_radar_uhd/build/.cmake/api/v1/reply/target-ContinuousCoverage-Debug-ed17f2ef1baed5a01995.json", "JSON", -93, 0, 0, 0, 0, 0, 0, 0, 0, -1, -94
"/home/david/Documents/BlackBoxRadarAttacks/FMCW_radar_uhd/build/.cmake/api/v1/reply/target-ContinuousMemCheck-Debug-4a1d53d3b65dea38c5ee.json", "JSON", -93, 0, 0, 0, 0, 0, 0, 0, 0, -1, -94
"/home/david/Documents/BlackBoxRadarAttacks/FMCW_radar_uhd/build/.cmake/api/v1/reply/target-ContinuousStart-Debug-f11fc4f9fe835f5ce0f6.json", "JSON", -93, 0, 0, 0, 0, 0, 0, 0, 0, -1, -94
"/home/david/Documents/BlackBoxRadarAttacks/FMCW_radar_uhd/build/.cmake/api/v1/reply/target-ContinuousSubmit-Debug-cf04508516cc9340e163.json", "JSON", -93, 0, 0, 0, 0, 0, 0, 0, 0, -1, -94
"/home/david/Documents/BlackBoxRadarAttacks/FMCW_radar_uhd/build/.cmake/api/v1/reply/target-ContinuousTest-Debug-b7310c3025578708e23f.json", "JSON", -93, 0, 0, 0, 0, 0, 0, 0, 0, -1, -94
"/home/david/Documents/BlackBoxRadarAttacks/FMCW_radar_uhd/build/.cmake/api/v1/reply/target-ContinuousUpdate-Debug-84d814afa39d0ee9faa8.json", "JSON", -93, 0, 0, 0, 0, 0, 0, 0, 0, -1, -94
"/home/david/Documents/BlackBoxRadarAttacks/FMCW_radar_uhd/build/.cmake/api/v1/reply/target-CrossCorr-Debug-e4b1584bec7b52a06b40.json", "JSON", -152, 0, 0, 0, 0, 0, 0, 0, 0, -1, -153
"/home/david/Documents/BlackBoxRadarAttacks/FMCW_radar_uhd/build/.cmake/api/v1/reply/target-EnergyDetector-Debug-5c4cd65dc8b66021dbfa.json", "JSON", -152, 0, 0, 0, 0, 0, 0, 0, 0, -1, -153
"/home/david/Documents/BlackBoxRadarAttacks/FMCW_radar_uhd/build/.cmake/api/v1/reply/target-Experimental-Debug-fbf1879a066a94eb0efc.json", "JSON", -93, 0, 0, 0, 0, 0, 0, 0, 0, -1, -94
"/home/david/Documents/BlackBoxRadarAttacks/FMCW_radar_uhd/build/.cmake/api/v1/reply/target-ExperimentalBuild-Debug-a03248e17e766cc25fa4.json", "JSON", -93, 0, 0, 0, 0, 0, 0, 0, 0, -1, -94
"/home/david/Documents/BlackBoxRadarAttacks/FMCW_radar_uhd/build/.cmake/api/v1/reply/target-ExperimentalConfigure-Debug-2c9335982d2b75fd81f5.json", "JSON", -93, 0, 0, 0, 0, 0, 0, 0, 0, -1, -94
"/home/david/Documents/BlackBoxRadarAttacks/FMCW_radar_uhd/build/.cmake/api/v1/reply/target-ExperimentalCoverage-Debug-96a83b1d591e52ac7624.json", "JSON", -93, 0, 0, 0, 0, 0, 0, 0, 0, -1, -94
"/home/david/Documents/BlackBoxRadarAttacks/FMCW_radar_uhd/build/.cmake/api/v1/reply/target-ExperimentalMemCheck-Debug-4ea84490ded30f0c13ec.json", "JSON", -93, 0, 0, 0, 0, 0, 0, 0, 0, -1, -94
"/home/david/Documents/BlackBoxRadarAttacks/FMCW_radar_uhd/build/.cmake/api/v1/reply/target-ExperimentalStart-Debug-678aa3767766dd1fb170.json", "JSON", -93, 0, 0, 0, 0, 0, 0, 0, 0, -1, -94
"/home/david/Documents/BlackBoxRadarAttacks/FMCW_radar_uhd/build/.cmake/api/v1/reply/target-ExperimentalSubmit-Debug-b84b312c073b692be6e1.json", "JSON", -93, 0, 0, 0, 0, 0, 0, 0, 0, -1, -94
"/home/david/Documents/BlackBoxRadarAttacks/FMCW_radar_uhd/build/.cmake/api/v1/reply/target-ExperimentalTest-Debug-8b11a724ef16660be82b.json", "JSON", -93, 0, 0, 0, 0, 0, 0, 0, 0, -1, -94
"/home/david/Documents/BlackBoxRadarAttacks/FMCW_radar_uhd/build/.cmake/api/v1/reply/target-ExperimentalUpdate-Debug-3f6a621fc3613ed92d14.json", "JSON", -93, 0, 0, 0, 0, 0, 0, 0, 0, -1, -94
"/home/david/Documents/BlackBoxRadarAttacks/FMCW_radar_uhd/build/.cmake/api/v1/reply/target-FMCWHandler-Debug-ddfc431f896c3b0b5ad9.json", "JSON", -184, 0, 0, 0, 0, 0, 0, 0, 0, -1, -185
"/home/david/Documents/BlackBoxRadarAttacks/FMCW_radar_uhd/build/.cmake/api/v1/reply/target-FMCWImplementation-Debug-8cfe6460df2a8a8b9287.json", "JSON", -330, 0, 0, 0, 0, 0, 0, 0, 0, -1, -331
"/home/david/Documents/BlackBoxRadarAttacks/FMCW_radar_uhd/build/.cmake/api/v1/reply/target-JSONHandler-Debug-b83d769c35aaafb407b6.json", "JSON", -145, 0, 0, 0, 0, 0, 0, 0, 0, -1, -146
"/home/david/Documents/BlackBoxRadarAttacks/FMCW_radar_uhd/build/.cmake/api/v1/reply/target-Nightly-Debug-f9e5b741b22949f8cead.json", "JSON", -93, 0, 0, 0, 0, 0, 0, 0, 0, -1, -94
"/home/david/Documents/BlackBoxRadarAttacks/FMCW_radar_uhd/build/.cmake/api/v1/reply/target-NightlyBuild-Debug-8781efda9dc449fb8b7b.json", "JSON", -93, 0, 0, 0, 0, 0, 0, 0, 0, -1, -94
"/home/david/Documents/BlackBoxRadarAttacks/FMCW_radar_uhd/build/.cmake/api/v1/reply/target-NightlyConfigure-Debug-f353f55e8115384a5eba.json", "JSON", -93, 0, 0, 0, 0, 0, 0, 0, 0, -1, -94
"/home/david/Documents/BlackBoxRadarAttacks/FMCW_radar_uhd/build/.cmake/api/v1/reply/target-NightlyCoverage-Debug-819dae382660b129e632.json", "JSON", -93, 0, 0, 0, 0, 0, 0, 0, 0, -1, -94
"/home/david/Documents/BlackBoxRadarAttacks/FMCW_radar_uhd/build/.cmake/api/v1/reply/target-NightlyMemCheck-Debug-b1c04b202f44b52b7b77.json", "JSON", -93, 0, 0, 0, 0, 0, 0, 0, 0, -1, -94
"/home/david/Documents/BlackBoxRadarAttacks/FMCW_radar_uhd/build/.cmake/api/v1/reply/target-NightlyMemoryCheck-Debug-f9fa24288765d052dece.json", "JSON", -93, 0, 0, 0, 0, 0, 0, 0, 0, -1, -94
"/home/david/Documents/BlackBoxRadarAttacks/FMCW_radar_uhd/build/.cmake/api/v1/reply/target-NightlyStart-Debug-575275489044301a8e37.json", "JSON", -93, 0, 0, 0, 0, 0, 0, 0, 0, -1, -94
"/home/david/Documents/BlackBoxRadarAttacks/FMCW_radar_uhd/build/.cmake/api/v1/reply/target-NightlySubmit-Debug-0aceddf3b1048650fa13.json", "JSON", -93, 0, 0, 0, 0, 0, 0, 0, 0, -1, -94
"/home/david/Documents/BlackBoxRadarAttacks/FMCW_radar_uhd/build/.cmake/api/v1/reply/target-NightlyTest-Debug-7efc6b61aa4f8264ba52.json", "JSON", -93, 0, 0, 0, 0, 0, 0, 0, 0, -1, -94
"/home/david/Documents/BlackBoxRadarAttacks/FMCW_radar_uhd/build/.cmake/api/v1/reply/target-NightlyUpdate-Debug-63d766d752c6738946de.json", "JSON", -93, 0, 0, 0, 0, 0, 0, 0, 0, -1, -94
"/home/david/Documents/BlackBoxRadarAttacks/FMCW_radar_uhd/build/.cmake/api/v1/reply/target-RADAR-Debug-1a2a005d7ae3b85fc0c8.json", "JSON", -168, 0, 0, 0, 0, 0, 0, 0, 0, -1, -169
"/home/david/Documents/BlackBoxRadarAttacks/FMCW_radar_uhd/build/.cmake/api/v1/reply/target-SensingSubsystem-Debug-5a49325d67f831f363a2.json", "JSON", -172, 0, 0, 0, 0, 0, 0, 0, 0, -1, -173
"/home/david/Documents/BlackBoxRadarAttacks/FMCW_radar_uhd/build/.cmake/api/v1/reply/target-SpectrogramHandler-Debug-9e5fd487ba74dac03c80.json", "JSON", -156, 0, 0, 0, 0, 0, 0, 0, 0, -1, -157
"/home/david/Documents/BlackBoxRadarAttacks/FMCW_radar_uhd/build/.cmake/api/v1/reply/target-USRPHandler-Debug-9df96279fd9cf3d2215b.json", "JSON", -164, 0, 0, 0, 0, 0, 0, 0, 0, -1, -165
"/home/david/Documents/BlackBoxRadarAttacks/FMCW_radar_uhd/build/.cmake/api/v1/reply/toolchains-v1-074db5775ec40502811a.json", "JSON", -107, 0, 0, 0, 0, 0, 0, 0, 0, -1, -108
"/home/david/Documents/BlackBoxRadarAttacks/FMCW_radar_uhd/build/CMakeCache.txt", "CMake Cache", 0, 0, 0, 0, 0, 0, -537, 0, 0, -124, -661
"/home/david/Documents/BlackBoxRadarAttacks/FMCW_radar_uhd/build/CMakeFiles/3.22.1/CMakeCCompiler.cmake", "CMake", 0, 0, 0, -55, 0, 0, 0, 0, 0, -18, -73
"/home/david/Documents/BlackBoxRadarAttacks/FMCW_radar_uhd/build/CMakeFiles/3.22.1/CMakeCXXCompiler.cmake", "CMake", 0, 0, 0, -64, 0, 0, 0, 0, 0, -20, -84
"/home/david/Documents/BlackBoxRadarAttacks/FMCW_radar_uhd/build/CMakeFiles/3.22.1/CMakeSystem.cmake", "CMake", 0, 0, 0, -10, 0, 0, 0, 0, 0, -6, -16
"/home/david/Documents/BlackBoxRadarAttacks/FMCW_radar_uhd/build/CMakeFiles/3.22.1/CompilerIdC/CMakeCCompilerId.c", "C", 0, 0, 0, 0, 0, -610, 0, 0, -62, -132, -804
"/home/david/Documents/BlackBoxRadarAttacks/FMCW_radar_uhd/build/CMakeFiles/3.22.1/CompilerIdCXX/CMakeCXXCompilerId.cpp", "C++", 0, -598, 0, 0, 0, 0, 0, 0, -64, -130, -792
"/home/david/Documents/BlackBoxRadarAttacks/FMCW_radar_uhd/build/CMakeFiles/CMakeOutput.log", "Log", 0, 0, 0, 0, -424, 0, 0, 0, 0, -42, -466
"/home/david/Documents/BlackBoxRadarAttacks/FMCW_radar_uhd/build/CPackConfig.cmake", "CMake", 0, 0, 0, -75, 0, 0, 0, 0, 0, -5, -80
"/home/david/Documents/BlackBoxRadarAttacks/FMCW_radar_uhd/build/CPackSourceConfig.cmake", "CMake", 0, 0, 0, -83, 0, 0, 0, 0, 0, -5, -88
"/home/david/Documents/BlackBoxRadarAttacks/FMCW_radar_uhd/build/CTestTestfile.cmake", "CMake", 0, 0, 0, -7, 0, 0, 0, 0, 0, -1, -8
"/home/david/Documents/BlackBoxRadarAttacks/FMCW_radar_uhd/build/Testing/20230418-1914/Build.xml", "XML", 0, 0, 0, 0, 0, 0, 0, -372, 0, -1, -373
"/home/david/Documents/BlackBoxRadarAttacks/FMCW_radar_uhd/build/Testing/20230418-1914/Configure.xml", "XML", 0, 0, 0, 0, 0, 0, 0, -79, 0, -1, -80
"/home/david/Documents/BlackBoxRadarAttacks/FMCW_radar_uhd/build/Testing/20230418-1916/Build.xml", "XML", 0, 0, 0, 0, 0, 0, 0, -190, 0, -1, -191
"/home/david/Documents/BlackBoxRadarAttacks/FMCW_radar_uhd/build/Testing/20230418-1916/Configure.xml", "XML", 0, 0, 0, 0, 0, 0, 0, -79, 0, -1, -80
"/home/david/Documents/BlackBoxRadarAttacks/FMCW_radar_uhd/build/Testing/Temporary/LastBuild_20230418-1914.log", "Log", 0, 0, 0, 0, -139, 0, 0, 0, 0, -1, -140
"/home/david/Documents/BlackBoxRadarAttacks/FMCW_radar_uhd/build/Testing/Temporary/LastBuild_20230418-1916.log", "Log", 0, 0, 0, 0, -70, 0, 0, 0, 0, -1, -71
"/home/david/Documents/BlackBoxRadarAttacks/FMCW_radar_uhd/build/Testing/Temporary/LastConfigure_20230418-1914.log", "Log", 0, 0, 0, 0, -43, 0, 0, 0, 0, -1, -44
"/home/david/Documents/BlackBoxRadarAttacks/FMCW_radar_uhd/build/Testing/Temporary/LastConfigure_20230418-1916.log", "Log", 0, 0, 0, 0, -43, 0, 0, 0, 0, -1, -44
"/home/david/Documents/BlackBoxRadarAttacks/FMCW_radar_uhd/build/Testing/Temporary/LastCoverage_20230418-1914.log", "Log", 0, 0, 0, 0, -1, 0, 0, 0, 0, -1, -2
"/home/david/Documents/BlackBoxRadarAttacks/FMCW_radar_uhd/build/Testing/Temporary/LastCoverage_20230418-1916.log", "Log", 0, 0, 0, 0, -1, 0, 0, 0, 0, -1, -2
"/home/david/Documents/BlackBoxRadarAttacks/FMCW_radar_uhd/build/Testing/Temporary/LastSubmit_20230418-1914.log", "Log", 0, 0, 0, 0, -8, 0, 0, 0, 0, -1, -9
"/home/david/Documents/BlackBoxRadarAttacks/FMCW_radar_uhd/build/Testing/Temporary/LastSubmit_20230418-1916.log", "Log", 0, 0, 0, 0, -8, 0, 0, 0, 0, -1, -9
"/home/david/Documents/BlackBoxRadarAttacks/FMCW_radar_uhd/build/Testing/Temporary/LastTest.log", "Log", 0, 0, 0, 0, -3, 0, 0, 0, 0, -1, -4
"/home/david/Documents/BlackBoxRadarAttacks/FMCW_radar_uhd/build/Testing/Temporary/LastTest_20230418-1914.log", "Log", 0, 0, 0, 0, 0, 0, 0, 0, 0, -1, -1
"/home/david/Documents/BlackBoxRadarAttacks/FMCW_radar_uhd/build/Testing/Temporary/LastTest_20230418-1916.log", "Log", 0, 0, 0, 0, 0, 0, 0, 0, 0, -1, -1
"/home/david/Documents/BlackBoxRadarAttacks/FMCW_radar_uhd/build/Testing/Temporary/LastUpdate_20230418-1914.log", "Log", 0, 0, 0, 0, 0, 0, 0, 0, 0, -1, -1
"/home/david/Documents/BlackBoxRadarAttacks/FMCW_radar_uhd/build/Testing/Temporary/LastUpdate_20230418-1916.log", "Log", 0, 0, 0, 0, 0, 0, 0, 0, 0, -1, -1
"/home/david/Documents/BlackBoxRadarAttacks/FMCW_radar_uhd/build/cmake_install.cmake", "CMake", 0, 0, 0, -50, 0, 0, 0, 0, 0, -11, -61
"/home/david/Documents/BlackBoxRadarAttacks/FMCW_radar_uhd/build/compile_commands.json", "JSON", -62, 0, 0, 0, 0, 0, 0, 0, 0, 0, -62
"/home/david/Documents/BlackBoxRadarAttacks/FMCW_radar_uhd/build/src/CTestTestfile.cmake", "CMake", 0, 0, 0, -8, 0, 0, 0, 0, 0, -1, -9
"/home/david/Documents/BlackBoxRadarAttacks/FMCW_radar_uhd/build/src/attacking_subsystem/CTestTestfile.cmake", "CMake", 0, 0, 0, -6, 0, 0, 0, 0, 0, -1, -7
"/home/david/Documents/BlackBoxRadarAttacks/FMCW_radar_uhd/build/src/attacking_subsystem/cmake_install.cmake", "CMake", 0, 0, 0, -37, 0, 0, 0, 0, 0, -8, -45
"/home/david/Documents/BlackBoxRadarAttacks/FMCW_radar_uhd/build/src/cmake_install.cmake", "CMake", 0, 0, 0, -42, 0, 0, 0, 0, 0, -10, -52
"/home/david/Documents/BlackBoxRadarAttacks/FMCW_radar_uhd/build/src/sensing_subsystem/CTestTestfile.cmake", "CMake", 0, 0, 0, -6, 0, 0, 0, 0, 0, -1, -7
"/home/david/Documents/BlackBoxRadarAttacks/FMCW_radar_uhd/build/src/sensing_subsystem/cmake_install.cmake", "CMake", 0, 0, 0, -37, 0, 0, 0, 0, 0, -8, -45
"/home/david/Documents/BlackBoxRadarAttacks/FMCW_radar_uhd/main.cpp", "C++", 0, -64, 0, 0, 0, 0, 0, 0, -44, -24, -132
"/home/david/Documents/BlackBoxRadarAttacks/FMCW_radar_uhd/reference/rx_samples_to_file.cpp", "C++", 0, -349, 0, 0, 0, 0, 0, 0, -28, -45, -422
"/home/david/Documents/BlackBoxRadarAttacks/FMCW_radar_uhd/reference/tx_samples_from_file.cpp", "C++", 0, -187, 0, 0, 0, 0, 0, 0, -26, -31, -244
"/home/david/Documents/BlackBoxRadarAttacks/FMCW_radar_uhd/reference/txrx_loopback_to_file.cpp", "C++", 0, -426, 0, 0, 0, 0, 0, 0, -74, -61, -561
"/home/david/Documents/BlackBoxRadarAttacks/FMCW_radar_uhd/reference/wavetable.hpp", "C++", 0, -54, 0, 0, 0, 0, 0, 0, -23, -7, -84
"Total", "-", -9736, -1678, -6, -480, -740, -610, -537, -720, -321, -760, -15588